lot_id,step_name,tool_id,parameter_name,value,spec_min,spec_max,timestamp
LOT-2001,litho,LITHO-02,exposure_energy,24.5556,23.7,25.3,2026-03-02T08:00:00
LOT-2001,litho,LITHO-02,focus_offset,0.6685,-7.5,7.5,2026-03-02T08:00:00
LOT-2001,litho,LITHO-02,numerical_aperture,1.3498,1.339,1.361,2026-03-02T08:00:00
LOT-2001,etch,ETCH-01,chamber_pressure,14.6271,13.8,16.2,2026-03-02T09:12:00
LOT-2001,etch,ETCH-01,rf_power_forward,853.8132,828.0,872.0,2026-03-02T09:12:00
LOT-2001,etch,ETCH-01,gas_flow_cl2,120.1334,115.8,124.2,2026-03-02T09:12:00
LOT-2001,cvd,CVD-05,deposition_temp,400.893,394.5,405.5,2026-03-02T10:29:00
LOT-2001,cvd,CVD-05,chamber_pressure,4.0056,3.79,4.21,2026-03-02T10:29:00
LOT-2001,cvd,CVD-05,rf_bias,248.2428,240.0,260.0,2026-03-02T10:29:00
LOT-2001,cmp,CMP-04,head_downforce,3.4569,3.33,3.67,2026-03-02T11:28:00
LOT-2001,cmp,CMP-04,platen_rpm,74.2136,72.9,77.1,2026-03-02T11:28:00
LOT-2001,cmp,CMP-04,slurry_flow_rate,178.3535,173.0,187.0,2026-03-02T11:28:00
LOT-2001,implant,IMP-01,beam_current,11.9702,11.58,12.42,2026-03-02T12:13:00
LOT-2001,implant,IMP-01,acceleration_energy,79.6328,78.2,81.8,2026-03-02T12:13:00
LOT-2001,implant,IMP-01,tilt_angle,7.0716,6.79,7.21,2026-03-02T12:13:00
LOT-2002,litho,LITHO-04,exposure_energy,24.8891,23.7,25.3,2026-03-02T03:16:00
LOT-2002,litho,LITHO-04,focus_offset,4.2954,-7.5,7.5,2026-03-02T03:16:00
LOT-2002,litho,LITHO-04,numerical_aperture,1.3542,1.339,1.361,2026-03-02T03:16:00
LOT-2002,etch,ETCH-06,chamber_pressure,15.2458,13.8,16.2,2026-03-02T04:31:00
LOT-2002,etch,ETCH-06,rf_power_forward,847.2739,828.0,872.0,2026-03-02T04:31:00
LOT-2002,etch,ETCH-06,gas_flow_cl2,118.8756,115.8,124.2,2026-03-02T04:31:00
LOT-2002,cvd,CVD-06,deposition_temp,400.9003,394.5,405.5,2026-03-02T05:30:00
LOT-2002,cvd,CVD-06,chamber_pressure,4.0241,3.79,4.21,2026-03-02T05:30:00
LOT-2002,cvd,CVD-06,rf_bias,251.4684,240.0,260.0,2026-03-02T05:30:00
LOT-2002,cmp,CMP-03,head_downforce,3.5219,3.33,3.67,2026-03-02T06:41:00
LOT-2002,cmp,CMP-03,platen_rpm,75.3732,72.9,77.1,2026-03-02T06:41:00
LOT-2002,cmp,CMP-03,slurry_flow_rate,177.6562,173.0,187.0,2026-03-02T06:41:00
LOT-2002,implant,IMP-03,beam_current,12.1323,11.58,12.42,2026-03-02T07:57:00
LOT-2002,implant,IMP-03,acceleration_energy,79.6357,78.2,81.8,2026-03-02T07:57:00
LOT-2002,implant,IMP-03,tilt_angle,6.936,6.79,7.21,2026-03-02T07:57:00
LOT-2003,litho,LITHO-04,exposure_energy,24.6786,23.7,25.3,2026-03-02T00:54:00
LOT-2003,litho,LITHO-04,focus_offset,-0.8981,-7.5,7.5,2026-03-02T00:54:00
LOT-2003,litho,LITHO-04,numerical_aperture,1.3517,1.339,1.361,2026-03-02T00:54:00
LOT-2003,etch,ETCH-01,chamber_pressure,15.0825,13.8,16.2,2026-03-02T01:44:00
LOT-2003,etch,ETCH-01,rf_power_forward,847.9631,828.0,872.0,2026-03-02T01:44:00
LOT-2003,etch,ETCH-01,gas_flow_cl2,117.6735,115.8,124.2,2026-03-02T01:44:00
LOT-2003,cvd,CVD-05,deposition_temp,399.3788,394.5,405.5,2026-03-02T02:54:00
LOT-2003,cvd,CVD-05,chamber_pressure,3.9652,3.79,4.21,2026-03-02T02:54:00
LOT-2003,cvd,CVD-05,rf_bias,250.7974,240.0,260.0,2026-03-02T02:54:00
LOT-2003,cmp,CMP-04,head_downforce,3.4967,3.33,3.67,2026-03-02T03:50:00
LOT-2003,cmp,CMP-04,platen_rpm,74.6825,72.9,77.1,2026-03-02T03:50:00
LOT-2003,cmp,CMP-04,slurry_flow_rate,180.4269,173.0,187.0,2026-03-02T03:50:00
LOT-2003,implant,IMP-02,beam_current,12.0608,11.58,12.42,2026-03-02T05:08:00
LOT-2003,implant,IMP-02,acceleration_energy,80.6996,78.2,81.8,2026-03-02T05:08:00
LOT-2003,implant,IMP-02,tilt_angle,6.9212,6.79,7.21,2026-03-02T05:08:00
LOT-2004,litho,LITHO-04,exposure_energy,24.4808,23.7,25.3,2026-03-02T12:16:00
LOT-2004,litho,LITHO-04,focus_offset,-3.6287,-7.5,7.5,2026-03-02T12:16:00
LOT-2004,litho,LITHO-04,numerical_aperture,1.3508,1.339,1.361,2026-03-02T12:16:00
LOT-2004,etch,ETCH-01,chamber_pressure,14.7303,13.8,16.2,2026-03-02T13:33:00
LOT-2004,etch,ETCH-01,rf_power_forward,854.0714,828.0,872.0,2026-03-02T13:33:00
LOT-2004,etch,ETCH-01,gas_flow_cl2,121.3894,115.8,124.2,2026-03-02T13:33:00
LOT-2004,cvd,CVD-03,deposition_temp,399.6571,394.5,405.5,2026-03-02T14:40:00
LOT-2004,cvd,CVD-03,chamber_pressure,3.9948,3.79,4.21,2026-03-02T14:40:00
LOT-2004,cvd,CVD-03,rf_bias,250.5139,240.0,260.0,2026-03-02T14:40:00
LOT-2004,cmp,CMP-02,head_downforce,3.5205,3.33,3.67,2026-03-02T15:27:00
LOT-2004,cmp,CMP-02,platen_rpm,74.5963,72.9,77.1,2026-03-02T15:27:00
LOT-2004,cmp,CMP-02,slurry_flow_rate,179.9802,173.0,187.0,2026-03-02T15:27:00
LOT-2004,implant,IMP-02,beam_current,11.9762,11.58,12.42,2026-03-02T16:33:00
LOT-2004,implant,IMP-02,acceleration_energy,80.3202,78.2,81.8,2026-03-02T16:33:00
LOT-2004,implant,IMP-02,tilt_angle,7.0269,6.79,7.21,2026-03-02T16:33:00
LOT-2005,litho,LITHO-04,exposure_energy,24.4033,23.7,25.3,2026-03-03T04:19:00
LOT-2005,litho,LITHO-04,focus_offset,0.1415,-7.5,7.5,2026-03-03T04:19:00
LOT-2005,litho,LITHO-04,numerical_aperture,1.3531,1.339,1.361,2026-03-03T04:19:00
LOT-2005,etch,ETCH-03,chamber_pressure,15.0213,13.8,16.2,2026-03-03T05:13:00
LOT-2005,etch,ETCH-03,rf_power_forward,854.467,828.0,872.0,2026-03-03T05:13:00
LOT-2005,etch,ETCH-03,gas_flow_cl2,121.0316,115.8,124.2,2026-03-03T05:13:00
LOT-2005,cvd,CVD-01,deposition_temp,401.6925,394.5,405.5,2026-03-03T06:15:00
LOT-2005,cvd,CVD-01,chamber_pressure,3.9643,3.79,4.21,2026-03-03T06:15:00
LOT-2005,cvd,CVD-01,rf_bias,247.1725,240.0,260.0,2026-03-03T06:15:00
LOT-2005,cmp,CMP-04,head_downforce,3.5537,3.33,3.67,2026-03-03T07:26:00
LOT-2005,cmp,CMP-04,platen_rpm,75.6093,72.9,77.1,2026-03-03T07:26:00
LOT-2005,cmp,CMP-04,slurry_flow_rate,184.5443,173.0,187.0,2026-03-03T07:26:00
LOT-2005,implant,IMP-03,beam_current,11.9422,11.58,12.42,2026-03-03T08:40:00
LOT-2005,implant,IMP-03,acceleration_energy,81.0216,78.2,81.8,2026-03-03T08:40:00
LOT-2005,implant,IMP-03,tilt_angle,6.9195,6.79,7.21,2026-03-03T08:40:00
LOT-2006,litho,LITHO-03,exposure_energy,24.4616,23.7,25.3,2026-03-02T17:10:00
LOT-2006,litho,LITHO-03,focus_offset,-1.507,-7.5,7.5,2026-03-02T17:10:00
LOT-2006,litho,LITHO-03,numerical_aperture,1.3494,1.339,1.361,2026-03-02T17:10:00
LOT-2006,etch,ETCH-02,chamber_pressure,15.6169,13.8,16.2,2026-03-02T18:09:00
LOT-2006,etch,ETCH-02,rf_power_forward,847.2812,828.0,872.0,2026-03-02T18:09:00
LOT-2006,etch,ETCH-02,gas_flow_cl2,120.093,115.8,124.2,2026-03-02T18:09:00
LOT-2006,cvd,CVD-03,deposition_temp,398.5868,394.5,405.5,2026-03-02T19:22:00
LOT-2006,cvd,CVD-03,chamber_pressure,4.0009,3.79,4.21,2026-03-02T19:22:00
LOT-2006,cvd,CVD-03,rf_bias,252.503,240.0,260.0,2026-03-02T19:22:00
LOT-2006,cmp,CMP-04,head_downforce,3.5601,3.33,3.67,2026-03-02T20:18:00
LOT-2006,cmp,CMP-04,platen_rpm,74.7968,72.9,77.1,2026-03-02T20:18:00
LOT-2006,cmp,CMP-04,slurry_flow_rate,179.0144,173.0,187.0,2026-03-02T20:18:00
LOT-2006,implant,IMP-02,beam_current,12.0841,11.58,12.42,2026-03-02T21:11:00
LOT-2006,implant,IMP-02,acceleration_energy,80.4554,78.2,81.8,2026-03-02T21:11:00
LOT-2006,implant,IMP-02,tilt_angle,6.914,6.79,7.21,2026-03-02T21:11:00
LOT-2007,litho,LITHO-02,exposure_energy,24.5267,23.7,25.3,2026-03-02T13:15:00
LOT-2007,litho,LITHO-02,focus_offset,-2.4697,-7.5,7.5,2026-03-02T13:15:00
LOT-2007,litho,LITHO-02,numerical_aperture,1.3524,1.339,1.361,2026-03-02T13:15:00
LOT-2007,etch,ETCH-03,chamber_pressure,14.9783,13.8,16.2,2026-03-02T14:28:00
LOT-2007,etch,ETCH-03,rf_power_forward,848.9535,828.0,872.0,2026-03-02T14:28:00
LOT-2007,etch,ETCH-03,gas_flow_cl2,120.0664,115.8,124.2,2026-03-02T14:28:00
LOT-2007,cvd,CVD-06,deposition_temp,397.4137,394.5,405.5,2026-03-02T15:44:00
LOT-2007,cvd,CVD-06,chamber_pressure,3.9567,3.79,4.21,2026-03-02T15:44:00
LOT-2007,cvd,CVD-06,rf_bias,254.9503,240.0,260.0,2026-03-02T15:44:00
LOT-2007,cmp,CMP-02,head_downforce,3.4932,3.33,3.67,2026-03-02T16:33:00
LOT-2007,cmp,CMP-02,platen_rpm,75.285,72.9,77.1,2026-03-02T16:33:00
LOT-2007,cmp,CMP-02,slurry_flow_rate,181.0769,173.0,187.0,2026-03-02T16:33:00
LOT-2007,implant,IMP-01,beam_current,12.1828,11.58,12.42,2026-03-02T17:43:00
LOT-2007,implant,IMP-01,acceleration_energy,80.6381,78.2,81.8,2026-03-02T17:43:00
LOT-2007,implant,IMP-01,tilt_angle,7.0328,6.79,7.21,2026-03-02T17:43:00
LOT-2008,litho,LITHO-01,exposure_energy,24.4695,23.7,25.3,2026-03-03T17:18:00
LOT-2008,litho,LITHO-01,focus_offset,0.4181,-7.5,7.5,2026-03-03T17:18:00
LOT-2008,litho,LITHO-01,numerical_aperture,1.3459,1.339,1.361,2026-03-03T17:18:00
LOT-2008,etch,ETCH-04,chamber_pressure,14.6708,13.8,16.2,2026-03-03T18:26:00
LOT-2008,etch,ETCH-04,rf_power_forward,847.7514,828.0,872.0,2026-03-03T18:26:00
LOT-2008,etch,ETCH-04,gas_flow_cl2,121.259,115.8,124.2,2026-03-03T18:26:00
LOT-2008,cvd,CVD-06,deposition_temp,403.4793,394.5,405.5,2026-03-03T19:32:00
LOT-2008,cvd,CVD-06,chamber_pressure,4.0562,3.79,4.21,2026-03-03T19:32:00
LOT-2008,cvd,CVD-06,rf_bias,249.5415,240.0,260.0,2026-03-03T19:32:00
LOT-2008,cmp,CMP-03,head_downforce,3.563,3.33,3.67,2026-03-03T20:20:00
LOT-2008,cmp,CMP-03,platen_rpm,75.1816,72.9,77.1,2026-03-03T20:20:00
LOT-2008,cmp,CMP-03,slurry_flow_rate,183.1137,173.0,187.0,2026-03-03T20:20:00
LOT-2008,implant,IMP-01,beam_current,12.0706,11.58,12.42,2026-03-03T21:20:00
LOT-2008,implant,IMP-01,acceleration_energy,80.2518,78.2,81.8,2026-03-03T21:20:00
LOT-2008,implant,IMP-01,tilt_angle,6.9825,6.79,7.21,2026-03-03T21:20:00
LOT-2009,litho,LITHO-04,exposure_energy,24.5285,23.7,25.3,2026-03-03T00:08:00
LOT-2009,litho,LITHO-04,focus_offset,-0.4933,-7.5,7.5,2026-03-03T00:08:00
LOT-2009,litho,LITHO-04,numerical_aperture,1.3472,1.339,1.361,2026-03-03T00:08:00
LOT-2009,etch,ETCH-03,chamber_pressure,15.14,13.8,16.2,2026-03-03T00:53:00
LOT-2009,etch,ETCH-03,rf_power_forward,857.8203,828.0,872.0,2026-03-03T00:53:00
LOT-2009,etch,ETCH-03,gas_flow_cl2,121.4681,115.8,124.2,2026-03-03T00:53:00
LOT-2009,cvd,CVD-01,deposition_temp,399.9359,394.5,405.5,2026-03-03T02:09:00
LOT-2009,cvd,CVD-01,chamber_pressure,3.9906,3.79,4.21,2026-03-03T02:09:00
LOT-2009,cvd,CVD-01,rf_bias,249.9153,240.0,260.0,2026-03-03T02:09:00
LOT-2009,cmp,CMP-02,head_downforce,3.4847,3.33,3.67,2026-03-03T03:19:00
LOT-2009,cmp,CMP-02,platen_rpm,75.973,72.9,77.1,2026-03-03T03:19:00
LOT-2009,cmp,CMP-02,slurry_flow_rate,178.3562,173.0,187.0,2026-03-03T03:19:00
LOT-2009,implant,IMP-02,beam_current,12.1077,11.58,12.42,2026-03-03T04:30:00
LOT-2009,implant,IMP-02,acceleration_energy,79.8561,78.2,81.8,2026-03-03T04:30:00
LOT-2009,implant,IMP-02,tilt_angle,7.0066,6.79,7.21,2026-03-03T04:30:00
LOT-2010,litho,LITHO-03,exposure_energy,24.5981,23.7,25.3,2026-03-03T18:12:00
LOT-2010,litho,LITHO-03,focus_offset,1.6822,-7.5,7.5,2026-03-03T18:12:00
LOT-2010,litho,LITHO-03,numerical_aperture,1.3496,1.339,1.361,2026-03-03T18:12:00
LOT-2010,etch,ETCH-01,chamber_pressure,15.2794,13.8,16.2,2026-03-03T18:58:00
LOT-2010,etch,ETCH-01,rf_power_forward,854.4125,828.0,872.0,2026-03-03T18:58:00
LOT-2010,etch,ETCH-01,gas_flow_cl2,118.9008,115.8,124.2,2026-03-03T18:58:00
LOT-2010,cvd,CVD-05,deposition_temp,399.4816,394.5,405.5,2026-03-03T19:44:00
LOT-2010,cvd,CVD-05,chamber_pressure,4.0801,3.79,4.21,2026-03-03T19:44:00
LOT-2010,cvd,CVD-05,rf_bias,247.492,240.0,260.0,2026-03-03T19:44:00
LOT-2010,cmp,CMP-02,head_downforce,3.5148,3.33,3.67,2026-03-03T20:50:00
LOT-2010,cmp,CMP-02,platen_rpm,75.121,72.9,77.1,2026-03-03T20:50:00
LOT-2010,cmp,CMP-02,slurry_flow_rate,177.9198,173.0,187.0,2026-03-03T20:50:00
LOT-2010,implant,IMP-02,beam_current,11.9158,11.58,12.42,2026-03-03T21:53:00
LOT-2010,implant,IMP-02,acceleration_energy,80.1707,78.2,81.8,2026-03-03T21:53:00
LOT-2010,implant,IMP-02,tilt_angle,7.0374,6.79,7.21,2026-03-03T21:53:00
LOT-2011,litho,LITHO-02,exposure_energy,24.2567,23.7,25.3,2026-03-03T12:46:00
LOT-2011,litho,LITHO-02,focus_offset,-0.2544,-7.5,7.5,2026-03-03T12:46:00
LOT-2011,litho,LITHO-02,numerical_aperture,1.3476,1.339,1.361,2026-03-03T12:46:00
LOT-2011,etch,ETCH-08,chamber_pressure,15.5767,13.8,16.2,2026-03-03T14:05:00
LOT-2011,etch,ETCH-08,rf_power_forward,854.9788,828.0,872.0,2026-03-03T14:05:00
LOT-2011,etch,ETCH-08,gas_flow_cl2,121.0088,115.8,124.2,2026-03-03T14:05:00
LOT-2011,cvd,CVD-04,deposition_temp,398.4161,394.5,405.5,2026-03-03T15:24:00
LOT-2011,cvd,CVD-04,chamber_pressure,3.924,3.79,4.21,2026-03-03T15:24:00
LOT-2011,cvd,CVD-04,rf_bias,248.954,240.0,260.0,2026-03-03T15:24:00
LOT-2011,cmp,CMP-03,head_downforce,3.5167,3.33,3.67,2026-03-03T16:17:00
LOT-2011,cmp,CMP-03,platen_rpm,75.3828,72.9,77.1,2026-03-03T16:17:00
LOT-2011,cmp,CMP-03,slurry_flow_rate,179.1742,173.0,187.0,2026-03-03T16:17:00
LOT-2011,implant,IMP-01,beam_current,11.9261,11.58,12.42,2026-03-03T17:11:00
LOT-2011,implant,IMP-01,acceleration_energy,79.9639,78.2,81.8,2026-03-03T17:11:00
LOT-2011,implant,IMP-01,tilt_angle,7.0063,6.79,7.21,2026-03-03T17:11:00
LOT-2012,litho,LITHO-03,exposure_energy,24.4591,23.7,25.3,2026-03-04T03:16:00
LOT-2012,litho,LITHO-03,focus_offset,2.4146,-7.5,7.5,2026-03-04T03:16:00
LOT-2012,litho,LITHO-03,numerical_aperture,1.349,1.339,1.361,2026-03-04T03:16:00
LOT-2012,etch,ETCH-01,chamber_pressure,14.9023,13.8,16.2,2026-03-04T04:09:00
LOT-2012,etch,ETCH-01,rf_power_forward,855.3514,828.0,872.0,2026-03-04T04:09:00
LOT-2012,etch,ETCH-01,gas_flow_cl2,118.3128,115.8,124.2,2026-03-04T04:09:00
LOT-2012,cvd,CVD-03,deposition_temp,399.3986,394.5,405.5,2026-03-04T05:01:00
LOT-2012,cvd,CVD-03,chamber_pressure,3.9727,3.79,4.21,2026-03-04T05:01:00
LOT-2012,cvd,CVD-03,rf_bias,247.0859,240.0,260.0,2026-03-04T05:01:00
LOT-2012,cmp,CMP-04,head_downforce,3.4617,3.33,3.67,2026-03-04T06:11:00
LOT-2012,cmp,CMP-04,platen_rpm,74.6478,72.9,77.1,2026-03-04T06:11:00
LOT-2012,cmp,CMP-04,slurry_flow_rate,180.1691,173.0,187.0,2026-03-04T06:11:00
LOT-2012,implant,IMP-01,beam_current,11.9994,11.58,12.42,2026-03-04T07:10:00
LOT-2012,implant,IMP-01,acceleration_energy,80.2996,78.2,81.8,2026-03-04T07:10:00
LOT-2012,implant,IMP-01,tilt_angle,6.9229,6.79,7.21,2026-03-04T07:10:00
LOT-2013,litho,LITHO-03,exposure_energy,24.7425,23.7,25.3,2026-03-04T10:05:00
LOT-2013,litho,LITHO-03,focus_offset,-2.3698,-7.5,7.5,2026-03-04T10:05:00
LOT-2013,litho,LITHO-03,numerical_aperture,1.3531,1.339,1.361,2026-03-04T10:05:00
LOT-2013,etch,ETCH-02,chamber_pressure,15.1389,13.8,16.2,2026-03-04T11:09:00
LOT-2013,etch,ETCH-02,rf_power_forward,862.7405,828.0,872.0,2026-03-04T11:09:00
LOT-2013,etch,ETCH-02,gas_flow_cl2,118.6422,115.8,124.2,2026-03-04T11:09:00
LOT-2013,cvd,CVD-04,deposition_temp,398.8064,394.5,405.5,2026-03-04T12:29:00
LOT-2013,cvd,CVD-04,chamber_pressure,4.0811,3.79,4.21,2026-03-04T12:29:00
LOT-2013,cvd,CVD-04,rf_bias,253.4107,240.0,260.0,2026-03-04T12:29:00
LOT-2013,cmp,CMP-04,head_downforce,3.4034,3.33,3.67,2026-03-04T13:21:00
LOT-2013,cmp,CMP-04,platen_rpm,74.1671,72.9,77.1,2026-03-04T13:21:00
LOT-2013,cmp,CMP-04,slurry_flow_rate,180.6996,173.0,187.0,2026-03-04T13:21:00
LOT-2013,implant,IMP-01,beam_current,11.7632,11.58,12.42,2026-03-04T14:17:00
LOT-2013,implant,IMP-01,acceleration_energy,79.7596,78.2,81.8,2026-03-04T14:17:00
LOT-2013,implant,IMP-01,tilt_angle,7.0295,6.79,7.21,2026-03-04T14:17:00
LOT-2014,litho,LITHO-02,exposure_energy,24.5756,23.7,25.3,2026-03-03T19:09:00
LOT-2014,litho,LITHO-02,focus_offset,2.2999,-7.5,7.5,2026-03-03T19:09:00
LOT-2014,litho,LITHO-02,numerical_aperture,1.3474,1.339,1.361,2026-03-03T19:09:00
LOT-2014,etch,ETCH-04,chamber_pressure,14.8077,13.8,16.2,2026-03-03T20:20:00
LOT-2014,etch,ETCH-04,rf_power_forward,864.1058,828.0,872.0,2026-03-03T20:20:00
LOT-2014,etch,ETCH-04,gas_flow_cl2,120.0761,115.8,124.2,2026-03-03T20:20:00
LOT-2014,cvd,CVD-02,deposition_temp,400.5404,394.5,405.5,2026-03-03T21:10:00
LOT-2014,cvd,CVD-02,chamber_pressure,4.0022,3.79,4.21,2026-03-03T21:10:00
LOT-2014,cvd,CVD-02,rf_bias,247.1359,240.0,260.0,2026-03-03T21:10:00
LOT-2014,cmp,CMP-01,head_downforce,3.4606,3.33,3.67,2026-03-03T22:02:00
LOT-2014,cmp,CMP-01,platen_rpm,76.15,72.9,77.1,2026-03-03T22:02:00
LOT-2014,cmp,CMP-01,slurry_flow_rate,179.607,173.0,187.0,2026-03-03T22:02:00
LOT-2014,implant,IMP-01,beam_current,12.0362,11.58,12.42,2026-03-03T23:01:00
LOT-2014,implant,IMP-01,acceleration_energy,79.9164,78.2,81.8,2026-03-03T23:01:00
LOT-2014,implant,IMP-01,tilt_angle,7.0232,6.79,7.21,2026-03-03T23:01:00
LOT-2015,litho,LITHO-03,exposure_energy,24.5368,23.7,25.3,2026-03-04T15:48:00
LOT-2015,litho,LITHO-03,focus_offset,-2.8383,-7.5,7.5,2026-03-04T15:48:00
LOT-2015,litho,LITHO-03,numerical_aperture,1.3454,1.339,1.361,2026-03-04T15:48:00
LOT-2015,etch,ETCH-04,chamber_pressure,15.2139,13.8,16.2,2026-03-04T16:34:00
LOT-2015,etch,ETCH-04,rf_power_forward,850.4389,828.0,872.0,2026-03-04T16:34:00
LOT-2015,etch,ETCH-04,gas_flow_cl2,118.6712,115.8,124.2,2026-03-04T16:34:00
LOT-2015,cvd,CVD-02,deposition_temp,401.2745,394.5,405.5,2026-03-04T17:43:00
LOT-2015,cvd,CVD-02,chamber_pressure,4.0191,3.79,4.21,2026-03-04T17:43:00
LOT-2015,cvd,CVD-02,rf_bias,249.6166,240.0,260.0,2026-03-04T17:43:00
LOT-2015,cmp,CMP-04,head_downforce,3.5017,3.33,3.67,2026-03-04T18:45:00
LOT-2015,cmp,CMP-04,platen_rpm,75.8715,72.9,77.1,2026-03-04T18:45:00
LOT-2015,cmp,CMP-04,slurry_flow_rate,178.2573,173.0,187.0,2026-03-04T18:45:00
LOT-2015,implant,IMP-02,beam_current,11.9702,11.58,12.42,2026-03-04T19:55:00
LOT-2015,implant,IMP-02,acceleration_energy,79.7061,78.2,81.8,2026-03-04T19:55:00
LOT-2015,implant,IMP-02,tilt_angle,6.9679,6.79,7.21,2026-03-04T19:55:00
LOT-2016,litho,LITHO-02,exposure_energy,23.9625,23.7,25.3,2026-03-04T11:12:00
LOT-2016,litho,LITHO-02,focus_offset,0.9572,-7.5,7.5,2026-03-04T11:12:00
LOT-2016,litho,LITHO-02,numerical_aperture,1.3543,1.339,1.361,2026-03-04T11:12:00
LOT-2016,etch,ETCH-07,chamber_pressure,14.9148,13.8,16.2,2026-03-04T12:27:00
LOT-2016,etch,ETCH-07,rf_power_forward,850.9392,828.0,872.0,2026-03-04T12:27:00
LOT-2016,etch,ETCH-07,gas_flow_cl2,120.6012,115.8,124.2,2026-03-04T12:27:00
LOT-2016,cvd,CVD-03,deposition_temp,398.3068,394.5,405.5,2026-03-04T13:12:00
LOT-2016,cvd,CVD-03,chamber_pressure,4.0839,3.79,4.21,2026-03-04T13:12:00
LOT-2016,cvd,CVD-03,rf_bias,249.7167,240.0,260.0,2026-03-04T13:12:00
LOT-2016,cmp,CMP-01,head_downforce,3.4283,3.33,3.67,2026-03-04T14:02:00
LOT-2016,cmp,CMP-01,platen_rpm,74.9852,72.9,77.1,2026-03-04T14:02:00
LOT-2016,cmp,CMP-01,slurry_flow_rate,181.0811,173.0,187.0,2026-03-04T14:02:00
LOT-2016,implant,IMP-01,beam_current,12.0214,11.58,12.42,2026-03-04T15:17:00
LOT-2016,implant,IMP-01,acceleration_energy,79.7388,78.2,81.8,2026-03-04T15:17:00
LOT-2016,implant,IMP-01,tilt_angle,7.0331,6.79,7.21,2026-03-04T15:17:00
LOT-2017,litho,LITHO-04,exposure_energy,24.5755,23.7,25.3,2026-03-04T15:07:00
LOT-2017,litho,LITHO-04,focus_offset,1.4045,-7.5,7.5,2026-03-04T15:07:00
LOT-2017,litho,LITHO-04,numerical_aperture,1.352,1.339,1.361,2026-03-04T15:07:00
LOT-2017,etch,ETCH-03,chamber_pressure,14.9796,13.8,16.2,2026-03-04T16:03:00
LOT-2017,etch,ETCH-03,rf_power_forward,855.3622,828.0,872.0,2026-03-04T16:03:00
LOT-2017,etch,ETCH-03,gas_flow_cl2,120.2255,115.8,124.2,2026-03-04T16:03:00
LOT-2017,cvd,CVD-04,deposition_temp,400.4952,394.5,405.5,2026-03-04T17:15:00
LOT-2017,cvd,CVD-04,chamber_pressure,4.0884,3.79,4.21,2026-03-04T17:15:00
LOT-2017,cvd,CVD-04,rf_bias,244.4431,240.0,260.0,2026-03-04T17:15:00
LOT-2017,cmp,CMP-01,head_downforce,3.4263,3.33,3.67,2026-03-04T18:22:00
LOT-2017,cmp,CMP-01,platen_rpm,74.5837,72.9,77.1,2026-03-04T18:22:00
LOT-2017,cmp,CMP-01,slurry_flow_rate,179.8076,173.0,187.0,2026-03-04T18:22:00
LOT-2017,implant,IMP-02,beam_current,12.0524,11.58,12.42,2026-03-04T19:15:00
LOT-2017,implant,IMP-02,acceleration_energy,80.2274,78.2,81.8,2026-03-04T19:15:00
LOT-2017,implant,IMP-02,tilt_angle,6.8769,6.79,7.21,2026-03-04T19:15:00
LOT-2018,litho,LITHO-01,exposure_energy,24.3888,23.7,25.3,2026-03-04T20:01:00
LOT-2018,litho,LITHO-01,focus_offset,1.5016,-7.5,7.5,2026-03-04T20:01:00
LOT-2018,litho,LITHO-01,numerical_aperture,1.3487,1.339,1.361,2026-03-04T20:01:00
LOT-2018,etch,ETCH-06,chamber_pressure,14.899,13.8,16.2,2026-03-04T21:07:00
LOT-2018,etch,ETCH-06,rf_power_forward,860.471,828.0,872.0,2026-03-04T21:07:00
LOT-2018,etch,ETCH-06,gas_flow_cl2,119.3225,115.8,124.2,2026-03-04T21:07:00
LOT-2018,cvd,CVD-02,deposition_temp,399.2244,394.5,405.5,2026-03-04T22:25:00
LOT-2018,cvd,CVD-02,chamber_pressure,4.0746,3.79,4.21,2026-03-04T22:25:00
LOT-2018,cvd,CVD-02,rf_bias,252.0761,240.0,260.0,2026-03-04T22:25:00
LOT-2018,cmp,CMP-02,head_downforce,3.4826,3.33,3.67,2026-03-04T23:13:00
LOT-2018,cmp,CMP-02,platen_rpm,75.2981,72.9,77.1,2026-03-04T23:13:00
LOT-2018,cmp,CMP-02,slurry_flow_rate,181.0976,173.0,187.0,2026-03-04T23:13:00
LOT-2018,implant,IMP-01,beam_current,12.2166,11.58,12.42,2026-03-05T00:30:00
LOT-2018,implant,IMP-01,acceleration_energy,79.749,78.2,81.8,2026-03-05T00:30:00
LOT-2018,implant,IMP-01,tilt_angle,7.0139,6.79,7.21,2026-03-05T00:30:00
LOT-2019,litho,LITHO-03,exposure_energy,24.5225,23.7,25.3,2026-03-05T05:08:00
LOT-2019,litho,LITHO-03,focus_offset,0.1098,-7.5,7.5,2026-03-05T05:08:00
LOT-2019,litho,LITHO-03,numerical_aperture,1.349,1.339,1.361,2026-03-05T05:08:00
LOT-2019,etch,ETCH-06,chamber_pressure,14.7939,13.8,16.2,2026-03-05T06:01:00
LOT-2019,etch,ETCH-06,rf_power_forward,851.5776,828.0,872.0,2026-03-05T06:01:00
LOT-2019,etch,ETCH-06,gas_flow_cl2,117.9748,115.8,124.2,2026-03-05T06:01:00
LOT-2019,cvd,CVD-01,deposition_temp,398.0206,394.5,405.5,2026-03-05T07:07:00
LOT-2019,cvd,CVD-01,chamber_pressure,4.0813,3.79,4.21,2026-03-05T07:07:00
LOT-2019,cvd,CVD-01,rf_bias,249.1504,240.0,260.0,2026-03-05T07:07:00
LOT-2019,cmp,CMP-02,head_downforce,3.4997,3.33,3.67,2026-03-05T08:09:00
LOT-2019,cmp,CMP-02,platen_rpm,74.8213,72.9,77.1,2026-03-05T08:09:00
LOT-2019,cmp,CMP-02,slurry_flow_rate,178.2732,173.0,187.0,2026-03-05T08:09:00
LOT-2019,implant,IMP-01,beam_current,12.0383,11.58,12.42,2026-03-05T09:24:00
LOT-2019,implant,IMP-01,acceleration_energy,80.2233,78.2,81.8,2026-03-05T09:24:00
LOT-2019,implant,IMP-01,tilt_angle,6.9726,6.79,7.21,2026-03-05T09:24:00
LOT-2020,litho,LITHO-04,exposure_energy,24.769,23.7,25.3,2026-03-05T17:17:00
LOT-2020,litho,LITHO-04,focus_offset,0.6574,-7.5,7.5,2026-03-05T17:17:00
LOT-2020,litho,LITHO-04,numerical_aperture,1.3485,1.339,1.361,2026-03-05T17:17:00
LOT-2020,etch,ETCH-06,chamber_pressure,15.0876,13.8,16.2,2026-03-05T18:11:00
LOT-2020,etch,ETCH-06,rf_power_forward,853.3553,828.0,872.0,2026-03-05T18:11:00
LOT-2020,etch,ETCH-06,gas_flow_cl2,122.701,115.8,124.2,2026-03-05T18:11:00
LOT-2020,cvd,CVD-04,deposition_temp,401.1312,394.5,405.5,2026-03-05T19:19:00
LOT-2020,cvd,CVD-04,chamber_pressure,4.0295,3.79,4.21,2026-03-05T19:19:00
LOT-2020,cvd,CVD-04,rf_bias,254.1219,240.0,260.0,2026-03-05T19:19:00
LOT-2020,cmp,CMP-01,head_downforce,3.5475,3.33,3.67,2026-03-05T20:32:00
LOT-2020,cmp,CMP-01,platen_rpm,75.7714,72.9,77.1,2026-03-05T20:32:00
LOT-2020,cmp,CMP-01,slurry_flow_rate,180.6605,173.0,187.0,2026-03-05T20:32:00
LOT-2020,implant,IMP-03,beam_current,11.9437,11.58,12.42,2026-03-05T21:30:00
LOT-2020,implant,IMP-03,acceleration_energy,80.3313,78.2,81.8,2026-03-05T21:30:00
LOT-2020,implant,IMP-03,tilt_angle,6.9417,6.79,7.21,2026-03-05T21:30:00
LOT-2021,litho,LITHO-02,exposure_energy,24.2843,23.7,25.3,2026-03-05T04:45:00
LOT-2021,litho,LITHO-02,focus_offset,2.9137,-7.5,7.5,2026-03-05T04:45:00
LOT-2021,litho,LITHO-02,numerical_aperture,1.3491,1.339,1.361,2026-03-05T04:45:00
LOT-2021,etch,ETCH-08,chamber_pressure,15.0023,13.8,16.2,2026-03-05T05:37:00
LOT-2021,etch,ETCH-08,rf_power_forward,851.2938,828.0,872.0,2026-03-05T05:37:00
LOT-2021,etch,ETCH-08,gas_flow_cl2,119.4183,115.8,124.2,2026-03-05T05:37:00
LOT-2021,cvd,CVD-05,deposition_temp,397.1748,394.5,405.5,2026-03-05T06:43:00
LOT-2021,cvd,CVD-05,chamber_pressure,3.9616,3.79,4.21,2026-03-05T06:43:00
LOT-2021,cvd,CVD-05,rf_bias,253.4319,240.0,260.0,2026-03-05T06:43:00
LOT-2021,cmp,CMP-02,head_downforce,3.4628,3.33,3.67,2026-03-05T07:28:00
LOT-2021,cmp,CMP-02,platen_rpm,74.5143,72.9,77.1,2026-03-05T07:28:00
LOT-2021,cmp,CMP-02,slurry_flow_rate,180.6627,173.0,187.0,2026-03-05T07:28:00
LOT-2021,implant,IMP-03,beam_current,11.9812,11.58,12.42,2026-03-05T08:23:00
LOT-2021,implant,IMP-03,acceleration_energy,80.2914,78.2,81.8,2026-03-05T08:23:00
LOT-2021,implant,IMP-03,tilt_angle,7.0421,6.79,7.21,2026-03-05T08:23:00
LOT-2022,litho,LITHO-01,exposure_energy,23.9329,23.7,25.3,2026-03-05T08:49:00
LOT-2022,litho,LITHO-01,focus_offset,-2.6947,-7.5,7.5,2026-03-05T08:49:00
LOT-2022,litho,LITHO-01,numerical_aperture,1.351,1.339,1.361,2026-03-05T08:49:00
LOT-2022,etch,ETCH-04,chamber_pressure,15.476,13.8,16.2,2026-03-05T09:51:00
LOT-2022,etch,ETCH-04,rf_power_forward,854.5074,828.0,872.0,2026-03-05T09:51:00
LOT-2022,etch,ETCH-04,gas_flow_cl2,119.9041,115.8,124.2,2026-03-05T09:51:00
LOT-2022,cvd,CVD-03,deposition_temp,400.1354,394.5,405.5,2026-03-05T10:41:00
LOT-2022,cvd,CVD-03,chamber_pressure,3.9915,3.79,4.21,2026-03-05T10:41:00
LOT-2022,cvd,CVD-03,rf_bias,247.1701,240.0,260.0,2026-03-05T10:41:00
LOT-2022,cmp,CMP-03,head_downforce,3.5427,3.33,3.67,2026-03-05T12:01:00
LOT-2022,cmp,CMP-03,platen_rpm,75.1278,72.9,77.1,2026-03-05T12:01:00
LOT-2022,cmp,CMP-03,slurry_flow_rate,180.24,173.0,187.0,2026-03-05T12:01:00
LOT-2022,implant,IMP-03,beam_current,11.8903,11.58,12.42,2026-03-05T13:08:00
LOT-2022,implant,IMP-03,acceleration_energy,80.1577,78.2,81.8,2026-03-05T13:08:00
LOT-2022,implant,IMP-03,tilt_angle,7.0168,6.79,7.21,2026-03-05T13:08:00
LOT-2023,litho,LITHO-04,exposure_energy,24.664,23.7,25.3,2026-03-05T06:52:00
LOT-2023,litho,LITHO-04,focus_offset,-0.2651,-7.5,7.5,2026-03-05T06:52:00
LOT-2023,litho,LITHO-04,numerical_aperture,1.3525,1.339,1.361,2026-03-05T06:52:00
LOT-2023,etch,ETCH-07,chamber_pressure,15.0023,13.8,16.2,2026-03-05T07:43:00
LOT-2023,etch,ETCH-07,rf_power_forward,856.5846,828.0,872.0,2026-03-05T07:43:00
LOT-2023,etch,ETCH-07,gas_flow_cl2,121.0342,115.8,124.2,2026-03-05T07:43:00
LOT-2023,cvd,CVD-06,deposition_temp,400.8866,394.5,405.5,2026-03-05T09:02:00
LOT-2023,cvd,CVD-06,chamber_pressure,3.9767,3.79,4.21,2026-03-05T09:02:00
LOT-2023,cvd,CVD-06,rf_bias,250.7055,240.0,260.0,2026-03-05T09:02:00
LOT-2023,cmp,CMP-04,head_downforce,3.5854,3.33,3.67,2026-03-05T09:55:00
LOT-2023,cmp,CMP-04,platen_rpm,74.5899,72.9,77.1,2026-03-05T09:55:00
LOT-2023,cmp,CMP-04,slurry_flow_rate,180.201,173.0,187.0,2026-03-05T09:55:00
LOT-2023,implant,IMP-02,beam_current,12.0602,11.58,12.42,2026-03-05T11:08:00
LOT-2023,implant,IMP-02,acceleration_energy,79.4537,78.2,81.8,2026-03-05T11:08:00
LOT-2023,implant,IMP-02,tilt_angle,6.9808,6.79,7.21,2026-03-05T11:08:00
LOT-2024,litho,LITHO-02,exposure_energy,24.4603,23.7,25.3,2026-03-06T00:59:00
LOT-2024,litho,LITHO-02,focus_offset,4.1368,-7.5,7.5,2026-03-06T00:59:00
LOT-2024,litho,LITHO-02,numerical_aperture,1.3479,1.339,1.361,2026-03-06T00:59:00
LOT-2024,etch,ETCH-01,chamber_pressure,14.3764,13.8,16.2,2026-03-06T02:05:00
LOT-2024,etch,ETCH-01,rf_power_forward,835.7328,828.0,872.0,2026-03-06T02:05:00
LOT-2024,etch,ETCH-01,gas_flow_cl2,121.637,115.8,124.2,2026-03-06T02:05:00
LOT-2024,cvd,CVD-01,deposition_temp,397.9042,394.5,405.5,2026-03-06T03:06:00
LOT-2024,cvd,CVD-01,chamber_pressure,4.0702,3.79,4.21,2026-03-06T03:06:00
LOT-2024,cvd,CVD-01,rf_bias,252.2773,240.0,260.0,2026-03-06T03:06:00
LOT-2024,cmp,CMP-04,head_downforce,3.5411,3.33,3.67,2026-03-06T03:53:00
LOT-2024,cmp,CMP-04,platen_rpm,74.9928,72.9,77.1,2026-03-06T03:53:00
LOT-2024,cmp,CMP-04,slurry_flow_rate,182.5465,173.0,187.0,2026-03-06T03:53:00
LOT-2024,implant,IMP-02,beam_current,12.1041,11.58,12.42,2026-03-06T04:51:00
LOT-2024,implant,IMP-02,acceleration_energy,80.2397,78.2,81.8,2026-03-06T04:51:00
LOT-2024,implant,IMP-02,tilt_angle,7.059,6.79,7.21,2026-03-06T04:51:00
LOT-2025,litho,LITHO-03,exposure_energy,24.8012,23.7,25.3,2026-03-05T14:11:00
LOT-2025,litho,LITHO-03,focus_offset,-1.3402,-7.5,7.5,2026-03-05T14:11:00
LOT-2025,litho,LITHO-03,numerical_aperture,1.3487,1.339,1.361,2026-03-05T14:11:00
LOT-2025,etch,ETCH-05,chamber_pressure,14.6148,13.8,16.2,2026-03-05T15:18:00
LOT-2025,etch,ETCH-05,rf_power_forward,847.9284,828.0,872.0,2026-03-05T15:18:00
LOT-2025,etch,ETCH-05,gas_flow_cl2,118.6083,115.8,124.2,2026-03-05T15:18:00
LOT-2025,cvd,CVD-05,deposition_temp,399.4389,394.5,405.5,2026-03-05T16:32:00
LOT-2025,cvd,CVD-05,chamber_pressure,3.994,3.79,4.21,2026-03-05T16:32:00
LOT-2025,cvd,CVD-05,rf_bias,249.2995,240.0,260.0,2026-03-05T16:32:00
LOT-2025,cmp,CMP-03,head_downforce,3.4855,3.33,3.67,2026-03-05T17:25:00
LOT-2025,cmp,CMP-03,platen_rpm,74.8566,72.9,77.1,2026-03-05T17:25:00
LOT-2025,cmp,CMP-03,slurry_flow_rate,180.8977,173.0,187.0,2026-03-05T17:25:00
LOT-2025,implant,IMP-02,beam_current,12.0278,11.58,12.42,2026-03-05T18:38:00
LOT-2025,implant,IMP-02,acceleration_energy,80.0262,78.2,81.8,2026-03-05T18:38:00
LOT-2025,implant,IMP-02,tilt_angle,6.8648,6.79,7.21,2026-03-05T18:38:00
LOT-2026,litho,LITHO-02,exposure_energy,24.395,23.7,25.3,2026-03-06T13:06:00
LOT-2026,litho,LITHO-02,focus_offset,-0.3454,-7.5,7.5,2026-03-06T13:06:00
LOT-2026,litho,LITHO-02,numerical_aperture,1.3494,1.339,1.361,2026-03-06T13:06:00
LOT-2026,etch,ETCH-07,chamber_pressure,15.2957,13.8,16.2,2026-03-06T14:12:00
LOT-2026,etch,ETCH-07,rf_power_forward,845.9295,828.0,872.0,2026-03-06T14:12:00
LOT-2026,etch,ETCH-07,gas_flow_cl2,119.2372,115.8,124.2,2026-03-06T14:12:00
LOT-2026,cvd,CVD-02,deposition_temp,400.734,394.5,405.5,2026-03-06T14:58:00
LOT-2026,cvd,CVD-02,chamber_pressure,3.9344,3.79,4.21,2026-03-06T14:58:00
LOT-2026,cvd,CVD-02,rf_bias,249.0407,240.0,260.0,2026-03-06T14:58:00
LOT-2026,cmp,CMP-04,head_downforce,3.4894,3.33,3.67,2026-03-06T15:56:00
LOT-2026,cmp,CMP-04,platen_rpm,74.7032,72.9,77.1,2026-03-06T15:56:00
LOT-2026,cmp,CMP-04,slurry_flow_rate,177.4261,173.0,187.0,2026-03-06T15:56:00
LOT-2026,implant,IMP-01,beam_current,12.0403,11.58,12.42,2026-03-06T17:14:00
LOT-2026,implant,IMP-01,acceleration_energy,80.4247,78.2,81.8,2026-03-06T17:14:00
LOT-2026,implant,IMP-01,tilt_angle,6.9015,6.79,7.21,2026-03-06T17:14:00
LOT-2027,litho,LITHO-04,exposure_energy,24.7478,23.7,25.3,2026-03-05T22:03:00
LOT-2027,litho,LITHO-04,focus_offset,0.5529,-7.5,7.5,2026-03-05T22:03:00
LOT-2027,litho,LITHO-04,numerical_aperture,1.3473,1.339,1.361,2026-03-05T22:03:00
LOT-2027,etch,ETCH-07,chamber_pressure,14.608,13.8,16.2,2026-03-05T22:50:00
LOT-2027,etch,ETCH-07,rf_power_forward,851.8641,828.0,872.0,2026-03-05T22:50:00
LOT-2027,etch,ETCH-07,gas_flow_cl2,120.4507,115.8,124.2,2026-03-05T22:50:00
LOT-2027,cvd,CVD-02,deposition_temp,398.3349,394.5,405.5,2026-03-05T23:56:00
LOT-2027,cvd,CVD-02,chamber_pressure,4.0508,3.79,4.21,2026-03-05T23:56:00
LOT-2027,cvd,CVD-02,rf_bias,250.5908,240.0,260.0,2026-03-05T23:56:00
LOT-2027,cmp,CMP-02,head_downforce,3.4597,3.33,3.67,2026-03-06T00:48:00
LOT-2027,cmp,CMP-02,platen_rpm,75.849,72.9,77.1,2026-03-06T00:48:00
LOT-2027,cmp,CMP-02,slurry_flow_rate,175.8974,173.0,187.0,2026-03-06T00:48:00
LOT-2027,implant,IMP-02,beam_current,12.0838,11.58,12.42,2026-03-06T02:07:00
LOT-2027,implant,IMP-02,acceleration_energy,80.1326,78.2,81.8,2026-03-06T02:07:00
LOT-2027,implant,IMP-02,tilt_angle,7.0786,6.79,7.21,2026-03-06T02:07:00
LOT-2028,litho,LITHO-04,exposure_energy,24.7168,23.7,25.3,2026-03-06T15:12:00
LOT-2028,litho,LITHO-04,focus_offset,1.0623,-7.5,7.5,2026-03-06T15:12:00
LOT-2028,litho,LITHO-04,numerical_aperture,1.3512,1.339,1.361,2026-03-06T15:12:00
LOT-2028,etch,ETCH-07,chamber_pressure,14.8831,13.8,16.2,2026-03-06T16:13:00
LOT-2028,etch,ETCH-07,rf_power_forward,843.7932,828.0,872.0,2026-03-06T16:13:00
LOT-2028,etch,ETCH-07,gas_flow_cl2,121.0181,115.8,124.2,2026-03-06T16:13:00
LOT-2028,cvd,CVD-05,deposition_temp,399.827,394.5,405.5,2026-03-06T17:21:00
LOT-2028,cvd,CVD-05,chamber_pressure,3.9973,3.79,4.21,2026-03-06T17:21:00
LOT-2028,cvd,CVD-05,rf_bias,249.8986,240.0,260.0,2026-03-06T17:21:00
LOT-2028,cmp,CMP-04,head_downforce,3.4808,3.33,3.67,2026-03-06T18:12:00
LOT-2028,cmp,CMP-04,platen_rpm,74.5791,72.9,77.1,2026-03-06T18:12:00
LOT-2028,cmp,CMP-04,slurry_flow_rate,180.319,173.0,187.0,2026-03-06T18:12:00
LOT-2028,implant,IMP-02,beam_current,11.9568,11.58,12.42,2026-03-06T19:11:00
LOT-2028,implant,IMP-02,acceleration_energy,80.1986,78.2,81.8,2026-03-06T19:11:00
LOT-2028,implant,IMP-02,tilt_angle,6.9242,6.79,7.21,2026-03-06T19:11:00
LOT-2029,litho,LITHO-01,exposure_energy,24.0402,23.7,25.3,2026-03-06T13:13:00
LOT-2029,litho,LITHO-01,focus_offset,-1.7075,-7.5,7.5,2026-03-06T13:13:00
LOT-2029,litho,LITHO-01,numerical_aperture,1.3529,1.339,1.361,2026-03-06T13:13:00
LOT-2029,etch,ETCH-02,chamber_pressure,15.2091,13.8,16.2,2026-03-06T14:22:00
LOT-2029,etch,ETCH-02,rf_power_forward,846.9768,828.0,872.0,2026-03-06T14:22:00
LOT-2029,etch,ETCH-02,gas_flow_cl2,120.1,115.8,124.2,2026-03-06T14:22:00
LOT-2029,cvd,CVD-05,deposition_temp,401.3395,394.5,405.5,2026-03-06T15:39:00
LOT-2029,cvd,CVD-05,chamber_pressure,4.0559,3.79,4.21,2026-03-06T15:39:00
LOT-2029,cvd,CVD-05,rf_bias,249.9017,240.0,260.0,2026-03-06T15:39:00
LOT-2029,cmp,CMP-04,head_downforce,3.5331,3.33,3.67,2026-03-06T16:34:00
LOT-2029,cmp,CMP-04,platen_rpm,75.7176,72.9,77.1,2026-03-06T16:34:00
LOT-2029,cmp,CMP-04,slurry_flow_rate,179.5885,173.0,187.0,2026-03-06T16:34:00
LOT-2029,implant,IMP-01,beam_current,11.9917,11.58,12.42,2026-03-06T17:51:00
LOT-2029,implant,IMP-01,acceleration_energy,80.3759,78.2,81.8,2026-03-06T17:51:00
LOT-2029,implant,IMP-01,tilt_angle,7.1281,6.79,7.21,2026-03-06T17:51:00
LOT-2030,litho,LITHO-03,exposure_energy,24.2972,23.7,25.3,2026-03-07T00:59:00
LOT-2030,litho,LITHO-03,focus_offset,2.4712,-7.5,7.5,2026-03-07T00:59:00
LOT-2030,litho,LITHO-03,numerical_aperture,1.3497,1.339,1.361,2026-03-07T00:59:00
LOT-2030,etch,ETCH-05,chamber_pressure,14.715,13.8,16.2,2026-03-07T01:58:00
LOT-2030,etch,ETCH-05,rf_power_forward,856.0824,828.0,872.0,2026-03-07T01:58:00
LOT-2030,etch,ETCH-05,gas_flow_cl2,119.6089,115.8,124.2,2026-03-07T01:58:00
LOT-2030,cvd,CVD-03,deposition_temp,400.0236,394.5,405.5,2026-03-07T02:50:00
LOT-2030,cvd,CVD-03,chamber_pressure,4.053,3.79,4.21,2026-03-07T02:50:00
LOT-2030,cvd,CVD-03,rf_bias,247.6406,240.0,260.0,2026-03-07T02:50:00
LOT-2030,cmp,CMP-02,head_downforce,3.5002,3.33,3.67,2026-03-07T04:02:00
LOT-2030,cmp,CMP-02,platen_rpm,75.0996,72.9,77.1,2026-03-07T04:02:00
LOT-2030,cmp,CMP-02,slurry_flow_rate,179.6979,173.0,187.0,2026-03-07T04:02:00
LOT-2030,implant,IMP-01,beam_current,11.9622,11.58,12.42,2026-03-07T04:52:00
LOT-2030,implant,IMP-01,acceleration_energy,79.8835,78.2,81.8,2026-03-07T04:52:00
LOT-2030,implant,IMP-01,tilt_angle,6.9676,6.79,7.21,2026-03-07T04:52:00
LOT-2031,litho,LITHO-01,exposure_energy,24.6386,23.7,25.3,2026-03-06T17:54:00
LOT-2031,litho,LITHO-01,focus_offset,4.9513,-7.5,7.5,2026-03-06T17:54:00
LOT-2031,litho,LITHO-01,numerical_aperture,1.3534,1.339,1.361,2026-03-06T17:54:00
LOT-2031,etch,ETCH-08,chamber_pressure,15.1464,13.8,16.2,2026-03-06T18:41:00
LOT-2031,etch,ETCH-08,rf_power_forward,854.0726,828.0,872.0,2026-03-06T18:41:00
LOT-2031,etch,ETCH-08,gas_flow_cl2,120.1535,115.8,124.2,2026-03-06T18:41:00
LOT-2031,cvd,CVD-04,deposition_temp,398.5246,394.5,405.5,2026-03-06T19:41:00
LOT-2031,cvd,CVD-04,chamber_pressure,4.0307,3.79,4.21,2026-03-06T19:41:00
LOT-2031,cvd,CVD-04,rf_bias,250.1287,240.0,260.0,2026-03-06T19:41:00
LOT-2031,cmp,CMP-04,head_downforce,3.5453,3.33,3.67,2026-03-06T20:54:00
LOT-2031,cmp,CMP-04,platen_rpm,75.8035,72.9,77.1,2026-03-06T20:54:00
LOT-2031,cmp,CMP-04,slurry_flow_rate,180.2743,173.0,187.0,2026-03-06T20:54:00
LOT-2031,implant,IMP-02,beam_current,12.1167,11.58,12.42,2026-03-06T21:39:00
LOT-2031,implant,IMP-02,acceleration_energy,79.6302,78.2,81.8,2026-03-06T21:39:00
LOT-2031,implant,IMP-02,tilt_angle,7.0458,6.79,7.21,2026-03-06T21:39:00
LOT-2032,litho,LITHO-03,exposure_energy,24.5231,23.7,25.3,2026-03-07T08:02:00
LOT-2032,litho,LITHO-03,focus_offset,-0.1137,-7.5,7.5,2026-03-07T08:02:00
LOT-2032,litho,LITHO-03,numerical_aperture,1.3538,1.339,1.361,2026-03-07T08:02:00
LOT-2032,etch,ETCH-02,chamber_pressure,14.9937,13.8,16.2,2026-03-07T09:00:00
LOT-2032,etch,ETCH-02,rf_power_forward,841.6558,828.0,872.0,2026-03-07T09:00:00
LOT-2032,etch,ETCH-02,gas_flow_cl2,117.6869,115.8,124.2,2026-03-07T09:00:00
LOT-2032,cvd,CVD-01,deposition_temp,399.6715,394.5,405.5,2026-03-07T09:56:00
LOT-2032,cvd,CVD-01,chamber_pressure,3.9832,3.79,4.21,2026-03-07T09:56:00
LOT-2032,cvd,CVD-01,rf_bias,244.16,240.0,260.0,2026-03-07T09:56:00
LOT-2032,cmp,CMP-04,head_downforce,3.4705,3.33,3.67,2026-03-07T11:11:00
LOT-2032,cmp,CMP-04,platen_rpm,75.4111,72.9,77.1,2026-03-07T11:11:00
LOT-2032,cmp,CMP-04,slurry_flow_rate,179.6719,173.0,187.0,2026-03-07T11:11:00
LOT-2032,implant,IMP-01,beam_current,12.0081,11.58,12.42,2026-03-07T12:23:00
LOT-2032,implant,IMP-01,acceleration_energy,80.2968,78.2,81.8,2026-03-07T12:23:00
LOT-2032,implant,IMP-01,tilt_angle,7.0161,6.79,7.21,2026-03-07T12:23:00
LOT-2033,litho,LITHO-03,exposure_energy,24.3166,23.7,25.3,2026-03-07T00:50:00
LOT-2033,litho,LITHO-03,focus_offset,-1.9749,-7.5,7.5,2026-03-07T00:50:00
LOT-2033,litho,LITHO-03,numerical_aperture,1.3532,1.339,1.361,2026-03-07T00:50:00
LOT-2033,etch,ETCH-01,chamber_pressure,15.2756,13.8,16.2,2026-03-07T02:09:00
LOT-2033,etch,ETCH-01,rf_power_forward,844.8486,828.0,872.0,2026-03-07T02:09:00
LOT-2033,etch,ETCH-01,gas_flow_cl2,119.557,115.8,124.2,2026-03-07T02:09:00
LOT-2033,cvd,CVD-03,deposition_temp,400.7004,394.5,405.5,2026-03-07T03:03:00
LOT-2033,cvd,CVD-03,chamber_pressure,3.9865,3.79,4.21,2026-03-07T03:03:00
LOT-2033,cvd,CVD-03,rf_bias,252.8738,240.0,260.0,2026-03-07T03:03:00
LOT-2033,cmp,CMP-02,head_downforce,3.4843,3.33,3.67,2026-03-07T04:07:00
LOT-2033,cmp,CMP-02,platen_rpm,74.6327,72.9,77.1,2026-03-07T04:07:00
LOT-2033,cmp,CMP-02,slurry_flow_rate,182.4199,173.0,187.0,2026-03-07T04:07:00
LOT-2033,implant,IMP-01,beam_current,12.1416,11.58,12.42,2026-03-07T05:22:00
LOT-2033,implant,IMP-01,acceleration_energy,80.0446,78.2,81.8,2026-03-07T05:22:00
LOT-2033,implant,IMP-01,tilt_angle,7.0422,6.79,7.21,2026-03-07T05:22:00
LOT-2034,litho,LITHO-04,exposure_energy,24.5546,23.7,25.3,2026-03-07T20:52:00
LOT-2034,litho,LITHO-04,focus_offset,0.7362,-7.5,7.5,2026-03-07T20:52:00
LOT-2034,litho,LITHO-04,numerical_aperture,1.351,1.339,1.361,2026-03-07T20:52:00
LOT-2034,etch,ETCH-02,chamber_pressure,15.5814,13.8,16.2,2026-03-07T21:42:00
LOT-2034,etch,ETCH-02,rf_power_forward,842.1774,828.0,872.0,2026-03-07T21:42:00
LOT-2034,etch,ETCH-02,gas_flow_cl2,119.1402,115.8,124.2,2026-03-07T21:42:00
LOT-2034,cvd,CVD-06,deposition_temp,400.0728,394.5,405.5,2026-03-07T22:45:00
LOT-2034,cvd,CVD-06,chamber_pressure,4.0506,3.79,4.21,2026-03-07T22:45:00
LOT-2034,cvd,CVD-06,rf_bias,248.1743,240.0,260.0,2026-03-07T22:45:00
LOT-2034,cmp,CMP-02,head_downforce,3.4498,3.33,3.67,2026-03-08T00:00:00
LOT-2034,cmp,CMP-02,platen_rpm,75.0913,72.9,77.1,2026-03-08T00:00:00
LOT-2034,cmp,CMP-02,slurry_flow_rate,179.4027,173.0,187.0,2026-03-08T00:00:00
LOT-2034,implant,IMP-03,beam_current,12.0365,11.58,12.42,2026-03-08T01:14:00
LOT-2034,implant,IMP-03,acceleration_energy,80.1311,78.2,81.8,2026-03-08T01:14:00
LOT-2034,implant,IMP-03,tilt_angle,7.0004,6.79,7.21,2026-03-08T01:14:00
LOT-2035,litho,LITHO-04,exposure_energy,24.5918,23.7,25.3,2026-03-07T21:55:00
LOT-2035,litho,LITHO-04,focus_offset,-2.6848,-7.5,7.5,2026-03-07T21:55:00
LOT-2035,litho,LITHO-04,numerical_aperture,1.3511,1.339,1.361,2026-03-07T21:55:00
LOT-2035,etch,ETCH-02,chamber_pressure,14.5104,13.8,16.2,2026-03-07T23:04:00
LOT-2035,etch,ETCH-02,rf_power_forward,847.415,828.0,872.0,2026-03-07T23:04:00
LOT-2035,etch,ETCH-02,gas_flow_cl2,119.867,115.8,124.2,2026-03-07T23:04:00
LOT-2035,cvd,CVD-05,deposition_temp,398.6408,394.5,405.5,2026-03-08T00:17:00
LOT-2035,cvd,CVD-05,chamber_pressure,4.0108,3.79,4.21,2026-03-08T00:17:00
LOT-2035,cvd,CVD-05,rf_bias,249.7066,240.0,260.0,2026-03-08T00:17:00
LOT-2035,cmp,CMP-03,head_downforce,3.522,3.33,3.67,2026-03-08T01:31:00
LOT-2035,cmp,CMP-03,platen_rpm,76.0998,72.9,77.1,2026-03-08T01:31:00
LOT-2035,cmp,CMP-03,slurry_flow_rate,180.8676,173.0,187.0,2026-03-08T01:31:00
LOT-2035,implant,IMP-03,beam_current,11.9417,11.58,12.42,2026-03-08T02:17:00
LOT-2035,implant,IMP-03,acceleration_energy,79.7285,78.2,81.8,2026-03-08T02:17:00
LOT-2035,implant,IMP-03,tilt_angle,6.9791,6.79,7.21,2026-03-08T02:17:00
LOT-2201,litho,LITHO-04,exposure_energy,24.5776,23.7,25.3,2026-03-01T20:57:00
LOT-2201,litho,LITHO-04,focus_offset,-2.3354,-7.5,7.5,2026-03-01T20:57:00
LOT-2201,litho,LITHO-04,numerical_aperture,1.3501,1.339,1.361,2026-03-01T20:57:00
LOT-2201,etch,ETCH-07,chamber_pressure,16.1705,13.8,16.2,2026-03-01T21:58:00
LOT-2201,etch,ETCH-07,rf_power_forward,857.9989,828.0,872.0,2026-03-01T21:58:00
LOT-2201,etch,ETCH-07,gas_flow_cl2,120.4462,115.8,124.2,2026-03-01T21:58:00
LOT-2201,cvd,CVD-04,deposition_temp,399.705,394.5,405.5,2026-03-01T22:47:00
LOT-2201,cvd,CVD-04,chamber_pressure,4.0046,3.79,4.21,2026-03-01T22:47:00
LOT-2201,cvd,CVD-04,rf_bias,247.6746,240.0,260.0,2026-03-01T22:47:00
LOT-2201,cmp,CMP-01,head_downforce,3.3851,3.33,3.67,2026-03-01T23:41:00
LOT-2201,cmp,CMP-01,platen_rpm,75.0029,72.9,77.1,2026-03-01T23:41:00
LOT-2201,cmp,CMP-01,slurry_flow_rate,178.6858,173.0,187.0,2026-03-01T23:41:00
LOT-2201,implant,IMP-03,beam_current,12.2069,11.58,12.42,2026-03-02T00:52:00
LOT-2201,implant,IMP-03,acceleration_energy,80.2432,78.2,81.8,2026-03-02T00:52:00
LOT-2201,implant,IMP-03,tilt_angle,7.0007,6.79,7.21,2026-03-02T00:52:00
LOT-2202,litho,LITHO-04,exposure_energy,24.2004,23.7,25.3,2026-03-03T15:18:00
LOT-2202,litho,LITHO-04,focus_offset,2.0855,-7.5,7.5,2026-03-03T15:18:00
LOT-2202,litho,LITHO-04,numerical_aperture,1.3537,1.339,1.361,2026-03-03T15:18:00
LOT-2202,etch,ETCH-07,chamber_pressure,16.2756,13.8,16.2,2026-03-03T16:23:00
LOT-2202,etch,ETCH-07,rf_power_forward,851.3718,828.0,872.0,2026-03-03T16:23:00
LOT-2202,etch,ETCH-07,gas_flow_cl2,119.1246,115.8,124.2,2026-03-03T16:23:00
LOT-2202,cvd,CVD-03,deposition_temp,399.332,394.5,405.5,2026-03-03T17:17:00
LOT-2202,cvd,CVD-03,chamber_pressure,3.9628,3.79,4.21,2026-03-03T17:17:00
LOT-2202,cvd,CVD-03,rf_bias,248.5996,240.0,260.0,2026-03-03T17:17:00
LOT-2202,cmp,CMP-03,head_downforce,3.4494,3.33,3.67,2026-03-03T18:35:00
LOT-2202,cmp,CMP-03,platen_rpm,75.371,72.9,77.1,2026-03-03T18:35:00
LOT-2202,cmp,CMP-03,slurry_flow_rate,179.8159,173.0,187.0,2026-03-03T18:35:00
LOT-2202,implant,IMP-02,beam_current,11.8822,11.58,12.42,2026-03-03T19:55:00
LOT-2202,implant,IMP-02,acceleration_energy,80.3511,78.2,81.8,2026-03-03T19:55:00
LOT-2202,implant,IMP-02,tilt_angle,6.9356,6.79,7.21,2026-03-03T19:55:00
LOT-2203,litho,LITHO-02,exposure_energy,24.5312,23.7,25.3,2026-03-03T06:17:00
LOT-2203,litho,LITHO-02,focus_offset,3.1927,-7.5,7.5,2026-03-03T06:17:00
LOT-2203,litho,LITHO-02,numerical_aperture,1.3509,1.339,1.361,2026-03-03T06:17:00
LOT-2203,etch,ETCH-07,chamber_pressure,16.0836,13.8,16.2,2026-03-03T07:37:00
LOT-2203,etch,ETCH-07,rf_power_forward,859.7371,828.0,872.0,2026-03-03T07:37:00
LOT-2203,etch,ETCH-07,gas_flow_cl2,118.4403,115.8,124.2,2026-03-03T07:37:00
LOT-2203,cvd,CVD-05,deposition_temp,398.9702,394.5,405.5,2026-03-03T08:54:00
LOT-2203,cvd,CVD-05,chamber_pressure,3.9647,3.79,4.21,2026-03-03T08:54:00
LOT-2203,cvd,CVD-05,rf_bias,246.783,240.0,260.0,2026-03-03T08:54:00
LOT-2203,cmp,CMP-03,head_downforce,3.4719,3.33,3.67,2026-03-03T09:39:00
LOT-2203,cmp,CMP-03,platen_rpm,75.432,72.9,77.1,2026-03-03T09:39:00
LOT-2203,cmp,CMP-03,slurry_flow_rate,180.7675,173.0,187.0,2026-03-03T09:39:00
LOT-2203,implant,IMP-02,beam_current,11.9532,11.58,12.42,2026-03-03T10:33:00
LOT-2203,implant,IMP-02,acceleration_energy,80.0171,78.2,81.8,2026-03-03T10:33:00
LOT-2203,implant,IMP-02,tilt_angle,6.9304,6.79,7.21,2026-03-03T10:33:00
LOT-2204,litho,LITHO-01,exposure_energy,24.8469,23.7,25.3,2026-03-03T06:20:00
LOT-2204,litho,LITHO-01,focus_offset,3.0907,-7.5,7.5,2026-03-03T06:20:00
LOT-2204,litho,LITHO-01,numerical_aperture,1.3521,1.339,1.361,2026-03-03T06:20:00
LOT-2204,etch,ETCH-07,chamber_pressure,16.1951,13.8,16.2,2026-03-03T07:26:00
LOT-2204,etch,ETCH-07,rf_power_forward,848.6866,828.0,872.0,2026-03-03T07:26:00
LOT-2204,etch,ETCH-07,gas_flow_cl2,121.479,115.8,124.2,2026-03-03T07:26:00
LOT-2204,cvd,CVD-02,deposition_temp,402.4053,394.5,405.5,2026-03-03T08:33:00
LOT-2204,cvd,CVD-02,chamber_pressure,4.0312,3.79,4.21,2026-03-03T08:33:00
LOT-2204,cvd,CVD-02,rf_bias,248.8913,240.0,260.0,2026-03-03T08:33:00
LOT-2204,cmp,CMP-03,head_downforce,3.4767,3.33,3.67,2026-03-03T09:19:00
LOT-2204,cmp,CMP-03,platen_rpm,74.61,72.9,77.1,2026-03-03T09:19:00
LOT-2204,cmp,CMP-03,slurry_flow_rate,180.9064,173.0,187.0,2026-03-03T09:19:00
LOT-2204,implant,IMP-02,beam_current,11.9366,11.58,12.42,2026-03-03T10:24:00
LOT-2204,implant,IMP-02,acceleration_energy,79.9604,78.2,81.8,2026-03-03T10:24:00
LOT-2204,implant,IMP-02,tilt_angle,7.0386,6.79,7.21,2026-03-03T10:24:00
LOT-2205,litho,LITHO-01,exposure_energy,24.3336,23.7,25.3,2026-03-04T07:58:00
LOT-2205,litho,LITHO-01,focus_offset,-1.6007,-7.5,7.5,2026-03-04T07:58:00
LOT-2205,litho,LITHO-01,numerical_aperture,1.3491,1.339,1.361,2026-03-04T07:58:00
LOT-2205,etch,ETCH-07,chamber_pressure,16.1739,13.8,16.2,2026-03-04T08:43:00
LOT-2205,etch,ETCH-07,rf_power_forward,859.8372,828.0,872.0,2026-03-04T08:43:00
LOT-2205,etch,ETCH-07,gas_flow_cl2,118.8857,115.8,124.2,2026-03-04T08:43:00
LOT-2205,cvd,CVD-04,deposition_temp,401.6521,394.5,405.5,2026-03-04T09:59:00
LOT-2205,cvd,CVD-04,chamber_pressure,3.9514,3.79,4.21,2026-03-04T09:59:00
LOT-2205,cvd,CVD-04,rf_bias,249.417,240.0,260.0,2026-03-04T09:59:00
LOT-2205,cmp,CMP-01,head_downforce,3.526,3.33,3.67,2026-03-04T10:50:00
LOT-2205,cmp,CMP-01,platen_rpm,75.6221,72.9,77.1,2026-03-04T10:50:00
LOT-2205,cmp,CMP-01,slurry_flow_rate,180.933,173.0,187.0,2026-03-04T10:50:00
LOT-2205,implant,IMP-03,beam_current,12.1854,11.58,12.42,2026-03-04T11:38:00
LOT-2205,implant,IMP-03,acceleration_energy,80.2091,78.2,81.8,2026-03-04T11:38:00
LOT-2205,implant,IMP-03,tilt_angle,6.9332,6.79,7.21,2026-03-04T11:38:00
LOT-2206,litho,LITHO-03,exposure_energy,24.7959,23.7,25.3,2026-03-03T01:19:00
LOT-2206,litho,LITHO-03,focus_offset,-0.3586,-7.5,7.5,2026-03-03T01:19:00
LOT-2206,litho,LITHO-03,numerical_aperture,1.352,1.339,1.361,2026-03-03T01:19:00
LOT-2206,etch,ETCH-07,chamber_pressure,16.4275,13.8,16.2,2026-03-03T02:11:00
LOT-2206,etch,ETCH-07,rf_power_forward,850.9255,828.0,872.0,2026-03-03T02:11:00
LOT-2206,etch,ETCH-07,gas_flow_cl2,120.0455,115.8,124.2,2026-03-03T02:11:00
LOT-2206,cvd,CVD-06,deposition_temp,397.9079,394.5,405.5,2026-03-03T03:11:00
LOT-2206,cvd,CVD-06,chamber_pressure,4.0072,3.79,4.21,2026-03-03T03:11:00
LOT-2206,cvd,CVD-06,rf_bias,250.5482,240.0,260.0,2026-03-03T03:11:00
LOT-2206,cmp,CMP-02,head_downforce,3.4464,3.33,3.67,2026-03-03T04:04:00
LOT-2206,cmp,CMP-02,platen_rpm,73.6834,72.9,77.1,2026-03-03T04:04:00
LOT-2206,cmp,CMP-02,slurry_flow_rate,180.2881,173.0,187.0,2026-03-03T04:04:00
LOT-2206,implant,IMP-01,beam_current,12.0797,11.58,12.42,2026-03-03T05:17:00
LOT-2206,implant,IMP-01,acceleration_energy,79.8215,78.2,81.8,2026-03-03T05:17:00
LOT-2206,implant,IMP-01,tilt_angle,6.9766,6.79,7.21,2026-03-03T05:17:00
LOT-2207,litho,LITHO-02,exposure_energy,24.4748,23.7,25.3,2026-03-03T11:05:00
LOT-2207,litho,LITHO-02,focus_offset,-0.7228,-7.5,7.5,2026-03-03T11:05:00
LOT-2207,litho,LITHO-02,numerical_aperture,1.3517,1.339,1.361,2026-03-03T11:05:00
LOT-2207,etch,ETCH-07,chamber_pressure,16.2755,13.8,16.2,2026-03-03T12:08:00
LOT-2207,etch,ETCH-07,rf_power_forward,848.4597,828.0,872.0,2026-03-03T12:08:00
LOT-2207,etch,ETCH-07,gas_flow_cl2,120.2495,115.8,124.2,2026-03-03T12:08:00
LOT-2207,cvd,CVD-05,deposition_temp,400.4006,394.5,405.5,2026-03-03T13:04:00
LOT-2207,cvd,CVD-05,chamber_pressure,3.9735,3.79,4.21,2026-03-03T13:04:00
LOT-2207,cvd,CVD-05,rf_bias,250.7713,240.0,260.0,2026-03-03T13:04:00
LOT-2207,cmp,CMP-01,head_downforce,3.4724,3.33,3.67,2026-03-03T14:17:00
LOT-2207,cmp,CMP-01,platen_rpm,75.4997,72.9,77.1,2026-03-03T14:17:00
LOT-2207,cmp,CMP-01,slurry_flow_rate,182.9548,173.0,187.0,2026-03-03T14:17:00
LOT-2207,implant,IMP-03,beam_current,12.0173,11.58,12.42,2026-03-03T15:13:00
LOT-2207,implant,IMP-03,acceleration_energy,80.0677,78.2,81.8,2026-03-03T15:13:00
LOT-2207,implant,IMP-03,tilt_angle,7.0125,6.79,7.21,2026-03-03T15:13:00
LOT-2208,litho,LITHO-02,exposure_energy,24.3918,23.7,25.3,2026-03-04T05:55:00
LOT-2208,litho,LITHO-02,focus_offset,-0.4318,-7.5,7.5,2026-03-04T05:55:00
LOT-2208,litho,LITHO-02,numerical_aperture,1.3471,1.339,1.361,2026-03-04T05:55:00
LOT-2208,etch,ETCH-07,chamber_pressure,16.3417,13.8,16.2,2026-03-04T07:07:00
LOT-2208,etch,ETCH-07,rf_power_forward,854.079,828.0,872.0,2026-03-04T07:07:00
LOT-2208,etch,ETCH-07,gas_flow_cl2,119.8999,115.8,124.2,2026-03-04T07:07:00
LOT-2208,cvd,CVD-04,deposition_temp,400.2051,394.5,405.5,2026-03-04T08:23:00
LOT-2208,cvd,CVD-04,chamber_pressure,4.0639,3.79,4.21,2026-03-04T08:23:00
LOT-2208,cvd,CVD-04,rf_bias,249.9668,240.0,260.0,2026-03-04T08:23:00
LOT-2208,cmp,CMP-02,head_downforce,3.5513,3.33,3.67,2026-03-04T09:35:00
LOT-2208,cmp,CMP-02,platen_rpm,75.5328,72.9,77.1,2026-03-04T09:35:00
LOT-2208,cmp,CMP-02,slurry_flow_rate,183.1491,173.0,187.0,2026-03-04T09:35:00
LOT-2208,implant,IMP-02,beam_current,12.0857,11.58,12.42,2026-03-04T10:23:00
LOT-2208,implant,IMP-02,acceleration_energy,80.2419,78.2,81.8,2026-03-04T10:23:00
LOT-2208,implant,IMP-02,tilt_angle,7.0392,6.79,7.21,2026-03-04T10:23:00
LOT-2209,litho,LITHO-02,exposure_energy,24.3532,23.7,25.3,2026-03-05T07:18:00
LOT-2209,litho,LITHO-02,focus_offset,2.4527,-7.5,7.5,2026-03-05T07:18:00
LOT-2209,litho,LITHO-02,numerical_aperture,1.348,1.339,1.361,2026-03-05T07:18:00
LOT-2209,etch,ETCH-07,chamber_pressure,16.2239,13.8,16.2,2026-03-05T08:35:00
LOT-2209,etch,ETCH-07,rf_power_forward,853.2666,828.0,872.0,2026-03-05T08:35:00
LOT-2209,etch,ETCH-07,gas_flow_cl2,119.7997,115.8,124.2,2026-03-05T08:35:00
LOT-2209,cvd,CVD-04,deposition_temp,400.2653,394.5,405.5,2026-03-05T09:35:00
LOT-2209,cvd,CVD-04,chamber_pressure,4.0993,3.79,4.21,2026-03-05T09:35:00
LOT-2209,cvd,CVD-04,rf_bias,246.7156,240.0,260.0,2026-03-05T09:35:00
LOT-2209,cmp,CMP-03,head_downforce,3.5133,3.33,3.67,2026-03-05T10:48:00
LOT-2209,cmp,CMP-03,platen_rpm,74.6703,72.9,77.1,2026-03-05T10:48:00
LOT-2209,cmp,CMP-03,slurry_flow_rate,176.0655,173.0,187.0,2026-03-05T10:48:00
LOT-2209,implant,IMP-02,beam_current,11.8242,11.58,12.42,2026-03-05T11:54:00
LOT-2209,implant,IMP-02,acceleration_energy,80.0153,78.2,81.8,2026-03-05T11:54:00
LOT-2209,implant,IMP-02,tilt_angle,7.0082,6.79,7.21,2026-03-05T11:54:00
LOT-2210,litho,LITHO-02,exposure_energy,24.7097,23.7,25.3,2026-03-04T16:50:00
LOT-2210,litho,LITHO-02,focus_offset,-4.6156,-7.5,7.5,2026-03-04T16:50:00
LOT-2210,litho,LITHO-02,numerical_aperture,1.3552,1.339,1.361,2026-03-04T16:50:00
LOT-2210,etch,ETCH-07,chamber_pressure,16.1743,13.8,16.2,2026-03-04T18:02:00
LOT-2210,etch,ETCH-07,rf_power_forward,851.6363,828.0,872.0,2026-03-04T18:02:00
LOT-2210,etch,ETCH-07,gas_flow_cl2,119.988,115.8,124.2,2026-03-04T18:02:00
LOT-2210,cvd,CVD-02,deposition_temp,399.3599,394.5,405.5,2026-03-04T18:51:00
LOT-2210,cvd,CVD-02,chamber_pressure,4.0616,3.79,4.21,2026-03-04T18:51:00
LOT-2210,cvd,CVD-02,rf_bias,251.106,240.0,260.0,2026-03-04T18:51:00
LOT-2210,cmp,CMP-02,head_downforce,3.5201,3.33,3.67,2026-03-04T20:06:00
LOT-2210,cmp,CMP-02,platen_rpm,75.1038,72.9,77.1,2026-03-04T20:06:00
LOT-2210,cmp,CMP-02,slurry_flow_rate,179.8443,173.0,187.0,2026-03-04T20:06:00
LOT-2210,implant,IMP-03,beam_current,11.9794,11.58,12.42,2026-03-04T21:14:00
LOT-2210,implant,IMP-03,acceleration_energy,79.446,78.2,81.8,2026-03-04T21:14:00
LOT-2210,implant,IMP-03,tilt_angle,7.0567,6.79,7.21,2026-03-04T21:14:00
LOT-2211,litho,LITHO-04,exposure_energy,24.257,23.7,25.3,2026-03-04T12:59:00
LOT-2211,litho,LITHO-04,focus_offset,-0.1165,-7.5,7.5,2026-03-04T12:59:00
LOT-2211,litho,LITHO-04,numerical_aperture,1.3419,1.339,1.361,2026-03-04T12:59:00
LOT-2211,etch,ETCH-07,chamber_pressure,16.1255,13.8,16.2,2026-03-04T13:47:00
LOT-2211,etch,ETCH-07,rf_power_forward,845.6331,828.0,872.0,2026-03-04T13:47:00
LOT-2211,etch,ETCH-07,gas_flow_cl2,120.3661,115.8,124.2,2026-03-04T13:47:00
LOT-2211,cvd,CVD-02,deposition_temp,401.9775,394.5,405.5,2026-03-04T14:53:00
LOT-2211,cvd,CVD-02,chamber_pressure,4.0096,3.79,4.21,2026-03-04T14:53:00
LOT-2211,cvd,CVD-02,rf_bias,250.7055,240.0,260.0,2026-03-04T14:53:00
LOT-2211,cmp,CMP-04,head_downforce,3.435,3.33,3.67,2026-03-04T16:03:00
LOT-2211,cmp,CMP-04,platen_rpm,74.0468,72.9,77.1,2026-03-04T16:03:00
LOT-2211,cmp,CMP-04,slurry_flow_rate,179.0876,173.0,187.0,2026-03-04T16:03:00
LOT-2211,implant,IMP-03,beam_current,12.1975,11.58,12.42,2026-03-04T16:50:00
LOT-2211,implant,IMP-03,acceleration_energy,80.0784,78.2,81.8,2026-03-04T16:50:00
LOT-2211,implant,IMP-03,tilt_angle,6.9866,6.79,7.21,2026-03-04T16:50:00
LOT-2212,litho,LITHO-02,exposure_energy,24.3746,23.7,25.3,2026-03-05T03:55:00
LOT-2212,litho,LITHO-02,focus_offset,-2.4125,-7.5,7.5,2026-03-05T03:55:00
LOT-2212,litho,LITHO-02,numerical_aperture,1.35,1.339,1.361,2026-03-05T03:55:00
LOT-2212,etch,ETCH-07,chamber_pressure,16.1569,13.8,16.2,2026-03-05T05:04:00
LOT-2212,etch,ETCH-07,rf_power_forward,850.8181,828.0,872.0,2026-03-05T05:04:00
LOT-2212,etch,ETCH-07,gas_flow_cl2,119.6236,115.8,124.2,2026-03-05T05:04:00
LOT-2212,cvd,CVD-06,deposition_temp,402.3241,394.5,405.5,2026-03-05T05:59:00
LOT-2212,cvd,CVD-06,chamber_pressure,3.9542,3.79,4.21,2026-03-05T05:59:00
LOT-2212,cvd,CVD-06,rf_bias,250.8915,240.0,260.0,2026-03-05T05:59:00
LOT-2212,cmp,CMP-02,head_downforce,3.4829,3.33,3.67,2026-03-05T06:45:00
LOT-2212,cmp,CMP-02,platen_rpm,74.1295,72.9,77.1,2026-03-05T06:45:00
LOT-2212,cmp,CMP-02,slurry_flow_rate,180.3143,173.0,187.0,2026-03-05T06:45:00
LOT-2212,implant,IMP-03,beam_current,12.098,11.58,12.42,2026-03-05T07:49:00
LOT-2212,implant,IMP-03,acceleration_energy,79.0763,78.2,81.8,2026-03-05T07:49:00
LOT-2212,implant,IMP-03,tilt_angle,6.9424,6.79,7.21,2026-03-05T07:49:00
LOT-2213,litho,LITHO-03,exposure_energy,24.853,23.7,25.3,2026-03-04T19:45:00
LOT-2213,litho,LITHO-03,focus_offset,-0.6895,-7.5,7.5,2026-03-04T19:45:00
LOT-2213,litho,LITHO-03,numerical_aperture,1.3505,1.339,1.361,2026-03-04T19:45:00
LOT-2213,etch,ETCH-07,chamber_pressure,16.3955,13.8,16.2,2026-03-04T20:53:00
LOT-2213,etch,ETCH-07,rf_power_forward,853.4862,828.0,872.0,2026-03-04T20:53:00
LOT-2213,etch,ETCH-07,gas_flow_cl2,120.4284,115.8,124.2,2026-03-04T20:53:00
LOT-2213,cvd,CVD-02,deposition_temp,397.5335,394.5,405.5,2026-03-04T22:02:00
LOT-2213,cvd,CVD-02,chamber_pressure,4.0062,3.79,4.21,2026-03-04T22:02:00
LOT-2213,cvd,CVD-02,rf_bias,246.4683,240.0,260.0,2026-03-04T22:02:00
LOT-2213,cmp,CMP-03,head_downforce,3.4433,3.33,3.67,2026-03-04T23:14:00
LOT-2213,cmp,CMP-03,platen_rpm,74.598,72.9,77.1,2026-03-04T23:14:00
LOT-2213,cmp,CMP-03,slurry_flow_rate,178.3713,173.0,187.0,2026-03-04T23:14:00
LOT-2213,implant,IMP-02,beam_current,11.8241,11.58,12.42,2026-03-05T00:16:00
LOT-2213,implant,IMP-02,acceleration_energy,79.4576,78.2,81.8,2026-03-05T00:16:00
LOT-2213,implant,IMP-02,tilt_angle,7.0655,6.79,7.21,2026-03-05T00:16:00
LOT-2214,litho,LITHO-01,exposure_energy,24.3368,23.7,25.3,2026-03-05T17:05:00
LOT-2214,litho,LITHO-01,focus_offset,0.0418,-7.5,7.5,2026-03-05T17:05:00
LOT-2214,litho,LITHO-01,numerical_aperture,1.3511,1.339,1.361,2026-03-05T17:05:00
LOT-2214,etch,ETCH-07,chamber_pressure,16.2155,13.8,16.2,2026-03-05T18:18:00
LOT-2214,etch,ETCH-07,rf_power_forward,854.8157,828.0,872.0,2026-03-05T18:18:00
LOT-2214,etch,ETCH-07,gas_flow_cl2,121.6965,115.8,124.2,2026-03-05T18:18:00
LOT-2214,cvd,CVD-05,deposition_temp,399.9903,394.5,405.5,2026-03-05T19:30:00
LOT-2214,cvd,CVD-05,chamber_pressure,4.0848,3.79,4.21,2026-03-05T19:30:00
LOT-2214,cvd,CVD-05,rf_bias,250.6561,240.0,260.0,2026-03-05T19:30:00
LOT-2214,cmp,CMP-04,head_downforce,3.4249,3.33,3.67,2026-03-05T20:48:00
LOT-2214,cmp,CMP-04,platen_rpm,75.3419,72.9,77.1,2026-03-05T20:48:00
LOT-2214,cmp,CMP-04,slurry_flow_rate,180.7478,173.0,187.0,2026-03-05T20:48:00
LOT-2214,implant,IMP-01,beam_current,11.8399,11.58,12.42,2026-03-05T22:07:00
LOT-2214,implant,IMP-01,acceleration_energy,79.8255,78.2,81.8,2026-03-05T22:07:00
LOT-2214,implant,IMP-01,tilt_angle,7.0552,6.79,7.21,2026-03-05T22:07:00
LOT-2215,litho,LITHO-02,exposure_energy,24.5396,23.7,25.3,2026-03-06T09:48:00
LOT-2215,litho,LITHO-02,focus_offset,-2.7805,-7.5,7.5,2026-03-06T09:48:00
LOT-2215,litho,LITHO-02,numerical_aperture,1.3525,1.339,1.361,2026-03-06T09:48:00
LOT-2215,etch,ETCH-07,chamber_pressure,16.1518,13.8,16.2,2026-03-06T10:44:00
LOT-2215,etch,ETCH-07,rf_power_forward,854.7848,828.0,872.0,2026-03-06T10:44:00
LOT-2215,etch,ETCH-07,gas_flow_cl2,119.0552,115.8,124.2,2026-03-06T10:44:00
LOT-2215,cvd,CVD-03,deposition_temp,399.2226,394.5,405.5,2026-03-06T11:46:00
LOT-2215,cvd,CVD-03,chamber_pressure,4.0222,3.79,4.21,2026-03-06T11:46:00
LOT-2215,cvd,CVD-03,rf_bias,250.7831,240.0,260.0,2026-03-06T11:46:00
LOT-2215,cmp,CMP-04,head_downforce,3.506,3.33,3.67,2026-03-06T12:46:00
LOT-2215,cmp,CMP-04,platen_rpm,75.218,72.9,77.1,2026-03-06T12:46:00
LOT-2215,cmp,CMP-04,slurry_flow_rate,179.7431,173.0,187.0,2026-03-06T12:46:00
LOT-2215,implant,IMP-01,beam_current,11.786,11.58,12.42,2026-03-06T13:37:00
LOT-2215,implant,IMP-01,acceleration_energy,80.0277,78.2,81.8,2026-03-06T13:37:00
LOT-2215,implant,IMP-01,tilt_angle,7.0023,6.79,7.21,2026-03-06T13:37:00
LOT-2216,litho,LITHO-04,exposure_energy,24.4364,23.7,25.3,2026-03-07T01:00:00
LOT-2216,litho,LITHO-04,focus_offset,-1.1454,-7.5,7.5,2026-03-07T01:00:00
LOT-2216,litho,LITHO-04,numerical_aperture,1.3526,1.339,1.361,2026-03-07T01:00:00
LOT-2216,etch,ETCH-07,chamber_pressure,16.28,13.8,16.2,2026-03-07T02:12:00
LOT-2216,etch,ETCH-07,rf_power_forward,852.342,828.0,872.0,2026-03-07T02:12:00
LOT-2216,etch,ETCH-07,gas_flow_cl2,119.3434,115.8,124.2,2026-03-07T02:12:00
LOT-2216,cvd,CVD-02,deposition_temp,401.9493,394.5,405.5,2026-03-07T03:30:00
LOT-2216,cvd,CVD-02,chamber_pressure,3.9652,3.79,4.21,2026-03-07T03:30:00
LOT-2216,cvd,CVD-02,rf_bias,250.7242,240.0,260.0,2026-03-07T03:30:00
LOT-2216,cmp,CMP-04,head_downforce,3.4932,3.33,3.67,2026-03-07T04:38:00
LOT-2216,cmp,CMP-04,platen_rpm,74.8747,72.9,77.1,2026-03-07T04:38:00
LOT-2216,cmp,CMP-04,slurry_flow_rate,181.033,173.0,187.0,2026-03-07T04:38:00
LOT-2216,implant,IMP-03,beam_current,12.0087,11.58,12.42,2026-03-07T05:32:00
LOT-2216,implant,IMP-03,acceleration_energy,80.7736,78.2,81.8,2026-03-07T05:32:00
LOT-2216,implant,IMP-03,tilt_angle,6.9565,6.79,7.21,2026-03-07T05:32:00
LOT-2220,litho,LITHO-03,exposure_energy,24.4936,23.7,25.3,2026-03-03T02:05:00
LOT-2220,litho,LITHO-03,focus_offset,7.8734,-7.5,7.5,2026-03-03T02:05:00
LOT-2220,litho,LITHO-03,numerical_aperture,1.3526,1.339,1.361,2026-03-03T02:05:00
LOT-2220,etch,ETCH-06,chamber_pressure,14.8014,13.8,16.2,2026-03-03T02:52:00
LOT-2220,etch,ETCH-06,rf_power_forward,850.4221,828.0,872.0,2026-03-03T02:52:00
LOT-2220,etch,ETCH-06,gas_flow_cl2,119.6105,115.8,124.2,2026-03-03T02:52:00
LOT-2220,cvd,CVD-02,deposition_temp,401.0679,394.5,405.5,2026-03-03T03:57:00
LOT-2220,cvd,CVD-02,chamber_pressure,3.9436,3.79,4.21,2026-03-03T03:57:00
LOT-2220,cvd,CVD-02,rf_bias,248.53,240.0,260.0,2026-03-03T03:57:00
LOT-2220,cmp,CMP-01,head_downforce,3.4728,3.33,3.67,2026-03-03T04:49:00
LOT-2220,cmp,CMP-01,platen_rpm,74.2683,72.9,77.1,2026-03-03T04:49:00
LOT-2220,cmp,CMP-01,slurry_flow_rate,180.7156,173.0,187.0,2026-03-03T04:49:00
LOT-2220,implant,IMP-01,beam_current,12.0395,11.58,12.42,2026-03-03T05:55:00
LOT-2220,implant,IMP-01,acceleration_energy,79.9187,78.2,81.8,2026-03-03T05:55:00
LOT-2220,implant,IMP-01,tilt_angle,6.995,6.79,7.21,2026-03-03T05:55:00
LOT-2221,litho,LITHO-03,exposure_energy,24.372,23.7,25.3,2026-03-02T16:52:00
LOT-2221,litho,LITHO-03,focus_offset,8.127,-7.5,7.5,2026-03-02T16:52:00
LOT-2221,litho,LITHO-03,numerical_aperture,1.347,1.339,1.361,2026-03-02T16:52:00
LOT-2221,etch,ETCH-01,chamber_pressure,14.9604,13.8,16.2,2026-03-02T18:07:00
LOT-2221,etch,ETCH-01,rf_power_forward,844.8164,828.0,872.0,2026-03-02T18:07:00
LOT-2221,etch,ETCH-01,gas_flow_cl2,120.3618,115.8,124.2,2026-03-02T18:07:00
LOT-2221,cvd,CVD-02,deposition_temp,398.4439,394.5,405.5,2026-03-02T19:00:00
LOT-2221,cvd,CVD-02,chamber_pressure,4.0359,3.79,4.21,2026-03-02T19:00:00
LOT-2221,cvd,CVD-02,rf_bias,250.9394,240.0,260.0,2026-03-02T19:00:00
LOT-2221,cmp,CMP-02,head_downforce,3.4871,3.33,3.67,2026-03-02T20:12:00
LOT-2221,cmp,CMP-02,platen_rpm,74.6036,72.9,77.1,2026-03-02T20:12:00
LOT-2221,cmp,CMP-02,slurry_flow_rate,180.77,173.0,187.0,2026-03-02T20:12:00
LOT-2221,implant,IMP-03,beam_current,12.0238,11.58,12.42,2026-03-02T21:04:00
LOT-2221,implant,IMP-03,acceleration_energy,80.2771,78.2,81.8,2026-03-02T21:04:00
LOT-2221,implant,IMP-03,tilt_angle,6.9314,6.79,7.21,2026-03-02T21:04:00
LOT-2222,litho,LITHO-03,exposure_energy,24.6869,23.7,25.3,2026-03-02T18:59:00
LOT-2222,litho,LITHO-03,focus_offset,9.0944,-7.5,7.5,2026-03-02T18:59:00
LOT-2222,litho,LITHO-03,numerical_aperture,1.3467,1.339,1.361,2026-03-02T18:59:00
LOT-2222,etch,ETCH-08,chamber_pressure,14.8425,13.8,16.2,2026-03-02T19:47:00
LOT-2222,etch,ETCH-08,rf_power_forward,840.8045,828.0,872.0,2026-03-02T19:47:00
LOT-2222,etch,ETCH-08,gas_flow_cl2,119.4713,115.8,124.2,2026-03-02T19:47:00
LOT-2222,cvd,CVD-04,deposition_temp,401.522,394.5,405.5,2026-03-02T20:45:00
LOT-2222,cvd,CVD-04,chamber_pressure,3.9625,3.79,4.21,2026-03-02T20:45:00
LOT-2222,cvd,CVD-04,rf_bias,250.953,240.0,260.0,2026-03-02T20:45:00
LOT-2222,cmp,CMP-04,head_downforce,3.4679,3.33,3.67,2026-03-02T21:31:00
LOT-2222,cmp,CMP-04,platen_rpm,75.2053,72.9,77.1,2026-03-02T21:31:00
LOT-2222,cmp,CMP-04,slurry_flow_rate,180.0552,173.0,187.0,2026-03-02T21:31:00
LOT-2222,implant,IMP-01,beam_current,12.0274,11.58,12.42,2026-03-02T22:43:00
LOT-2222,implant,IMP-01,acceleration_energy,79.5718,78.2,81.8,2026-03-02T22:43:00
LOT-2222,implant,IMP-01,tilt_angle,6.8939,6.79,7.21,2026-03-02T22:43:00
LOT-2223,litho,LITHO-03,exposure_energy,24.2207,23.7,25.3,2026-03-02T12:51:00
LOT-2223,litho,LITHO-03,focus_offset,7.9343,-7.5,7.5,2026-03-02T12:51:00
LOT-2223,litho,LITHO-03,numerical_aperture,1.3494,1.339,1.361,2026-03-02T12:51:00
LOT-2223,etch,ETCH-01,chamber_pressure,14.7582,13.8,16.2,2026-03-02T13:53:00
LOT-2223,etch,ETCH-01,rf_power_forward,846.929,828.0,872.0,2026-03-02T13:53:00
LOT-2223,etch,ETCH-01,gas_flow_cl2,119.8735,115.8,124.2,2026-03-02T13:53:00
LOT-2223,cvd,CVD-04,deposition_temp,402.7778,394.5,405.5,2026-03-02T15:07:00
LOT-2223,cvd,CVD-04,chamber_pressure,4.0651,3.79,4.21,2026-03-02T15:07:00
LOT-2223,cvd,CVD-04,rf_bias,251.66,240.0,260.0,2026-03-02T15:07:00
LOT-2223,cmp,CMP-03,head_downforce,3.5408,3.33,3.67,2026-03-02T16:15:00
LOT-2223,cmp,CMP-03,platen_rpm,75.1706,72.9,77.1,2026-03-02T16:15:00
LOT-2223,cmp,CMP-03,slurry_flow_rate,181.2651,173.0,187.0,2026-03-02T16:15:00
LOT-2223,implant,IMP-02,beam_current,11.8809,11.58,12.42,2026-03-02T17:17:00
LOT-2223,implant,IMP-02,acceleration_energy,81.3514,78.2,81.8,2026-03-02T17:17:00
LOT-2223,implant,IMP-02,tilt_angle,7.0534,6.79,7.21,2026-03-02T17:17:00
LOT-2224,litho,LITHO-03,exposure_energy,24.5977,23.7,25.3,2026-03-03T11:14:00
LOT-2224,litho,LITHO-03,focus_offset,7.9474,-7.5,7.5,2026-03-03T11:14:00
LOT-2224,litho,LITHO-03,numerical_aperture,1.3538,1.339,1.361,2026-03-03T11:14:00
LOT-2224,etch,ETCH-05,chamber_pressure,14.9042,13.8,16.2,2026-03-03T12:30:00
LOT-2224,etch,ETCH-05,rf_power_forward,850.7798,828.0,872.0,2026-03-03T12:30:00
LOT-2224,etch,ETCH-05,gas_flow_cl2,119.3148,115.8,124.2,2026-03-03T12:30:00
LOT-2224,cvd,CVD-04,deposition_temp,400.9099,394.5,405.5,2026-03-03T13:22:00
LOT-2224,cvd,CVD-04,chamber_pressure,4.0042,3.79,4.21,2026-03-03T13:22:00
LOT-2224,cvd,CVD-04,rf_bias,245.193,240.0,260.0,2026-03-03T13:22:00
LOT-2224,cmp,CMP-03,head_downforce,3.4943,3.33,3.67,2026-03-03T14:39:00
LOT-2224,cmp,CMP-03,platen_rpm,75.4563,72.9,77.1,2026-03-03T14:39:00
LOT-2224,cmp,CMP-03,slurry_flow_rate,182.5964,173.0,187.0,2026-03-03T14:39:00
LOT-2224,implant,IMP-03,beam_current,12.0392,11.58,12.42,2026-03-03T15:55:00
LOT-2224,implant,IMP-03,acceleration_energy,79.6208,78.2,81.8,2026-03-03T15:55:00
LOT-2224,implant,IMP-03,tilt_angle,6.9702,6.79,7.21,2026-03-03T15:55:00
LOT-2225,litho,LITHO-03,exposure_energy,24.5779,23.7,25.3,2026-03-03T16:18:00
LOT-2225,litho,LITHO-03,focus_offset,7.471,-7.5,7.5,2026-03-03T16:18:00
LOT-2225,litho,LITHO-03,numerical_aperture,1.3533,1.339,1.361,2026-03-03T16:18:00
LOT-2225,etch,ETCH-02,chamber_pressure,14.8272,13.8,16.2,2026-03-03T17:22:00
LOT-2225,etch,ETCH-02,rf_power_forward,851.6514,828.0,872.0,2026-03-03T17:22:00
LOT-2225,etch,ETCH-02,gas_flow_cl2,119.8935,115.8,124.2,2026-03-03T17:22:00
LOT-2225,cvd,CVD-02,deposition_temp,399.1952,394.5,405.5,2026-03-03T18:42:00
LOT-2225,cvd,CVD-02,chamber_pressure,4.0866,3.79,4.21,2026-03-03T18:42:00
LOT-2225,cvd,CVD-02,rf_bias,244.1841,240.0,260.0,2026-03-03T18:42:00
LOT-2225,cmp,CMP-04,head_downforce,3.4199,3.33,3.67,2026-03-03T19:38:00
LOT-2225,cmp,CMP-04,platen_rpm,74.9396,72.9,77.1,2026-03-03T19:38:00
LOT-2225,cmp,CMP-04,slurry_flow_rate,178.9032,173.0,187.0,2026-03-03T19:38:00
LOT-2225,implant,IMP-03,beam_current,12.0635,11.58,12.42,2026-03-03T20:48:00
LOT-2225,implant,IMP-03,acceleration_energy,79.9297,78.2,81.8,2026-03-03T20:48:00
LOT-2225,implant,IMP-03,tilt_angle,7.0102,6.79,7.21,2026-03-03T20:48:00
LOT-2226,litho,LITHO-03,exposure_energy,24.4573,23.7,25.3,2026-03-04T16:15:00
LOT-2226,litho,LITHO-03,focus_offset,8.236,-7.5,7.5,2026-03-04T16:15:00
LOT-2226,litho,LITHO-03,numerical_aperture,1.3549,1.339,1.361,2026-03-04T16:15:00
LOT-2226,etch,ETCH-06,chamber_pressure,14.6377,13.8,16.2,2026-03-04T17:22:00
LOT-2226,etch,ETCH-06,rf_power_forward,854.5062,828.0,872.0,2026-03-04T17:22:00
LOT-2226,etch,ETCH-06,gas_flow_cl2,119.8072,115.8,124.2,2026-03-04T17:22:00
LOT-2226,cvd,CVD-03,deposition_temp,400.7268,394.5,405.5,2026-03-04T18:10:00
LOT-2226,cvd,CVD-03,chamber_pressure,3.9697,3.79,4.21,2026-03-04T18:10:00
LOT-2226,cvd,CVD-03,rf_bias,249.7356,240.0,260.0,2026-03-04T18:10:00
LOT-2226,cmp,CMP-02,head_downforce,3.4382,3.33,3.67,2026-03-04T19:06:00
LOT-2226,cmp,CMP-02,platen_rpm,75.1476,72.9,77.1,2026-03-04T19:06:00
LOT-2226,cmp,CMP-02,slurry_flow_rate,178.4506,173.0,187.0,2026-03-04T19:06:00
LOT-2226,implant,IMP-02,beam_current,11.9003,11.58,12.42,2026-03-04T20:16:00
LOT-2226,implant,IMP-02,acceleration_energy,79.6256,78.2,81.8,2026-03-04T20:16:00
LOT-2226,implant,IMP-02,tilt_angle,7.0597,6.79,7.21,2026-03-04T20:16:00
LOT-2227,litho,LITHO-03,exposure_energy,24.1714,23.7,25.3,2026-03-04T18:51:00
LOT-2227,litho,LITHO-03,focus_offset,8.1806,-7.5,7.5,2026-03-04T18:51:00
LOT-2227,litho,LITHO-03,numerical_aperture,1.3512,1.339,1.361,2026-03-04T18:51:00
LOT-2227,etch,ETCH-07,chamber_pressure,15.6325,13.8,16.2,2026-03-04T20:05:00
LOT-2227,etch,ETCH-07,rf_power_forward,842.2577,828.0,872.0,2026-03-04T20:05:00
LOT-2227,etch,ETCH-07,gas_flow_cl2,119.9083,115.8,124.2,2026-03-04T20:05:00
LOT-2227,cvd,CVD-05,deposition_temp,398.8444,394.5,405.5,2026-03-04T21:11:00
LOT-2227,cvd,CVD-05,chamber_pressure,3.9448,3.79,4.21,2026-03-04T21:11:00
LOT-2227,cvd,CVD-05,rf_bias,249.2974,240.0,260.0,2026-03-04T21:11:00
LOT-2227,cmp,CMP-04,head_downforce,3.4229,3.33,3.67,2026-03-04T22:23:00
LOT-2227,cmp,CMP-04,platen_rpm,74.8475,72.9,77.1,2026-03-04T22:23:00
LOT-2227,cmp,CMP-04,slurry_flow_rate,178.4537,173.0,187.0,2026-03-04T22:23:00
LOT-2227,implant,IMP-03,beam_current,11.9483,11.58,12.42,2026-03-04T23:29:00
LOT-2227,implant,IMP-03,acceleration_energy,79.5212,78.2,81.8,2026-03-04T23:29:00
LOT-2227,implant,IMP-03,tilt_angle,7.0467,6.79,7.21,2026-03-04T23:29:00
LOT-2228,litho,LITHO-03,exposure_energy,24.4533,23.7,25.3,2026-03-04T05:14:00
LOT-2228,litho,LITHO-03,focus_offset,7.1387,-7.5,7.5,2026-03-04T05:14:00
LOT-2228,litho,LITHO-03,numerical_aperture,1.3515,1.339,1.361,2026-03-04T05:14:00
LOT-2228,etch,ETCH-04,chamber_pressure,14.4883,13.8,16.2,2026-03-04T06:19:00
LOT-2228,etch,ETCH-04,rf_power_forward,843.79,828.0,872.0,2026-03-04T06:19:00
LOT-2228,etch,ETCH-04,gas_flow_cl2,121.589,115.8,124.2,2026-03-04T06:19:00
LOT-2228,cvd,CVD-06,deposition_temp,398.4629,394.5,405.5,2026-03-04T07:24:00
LOT-2228,cvd,CVD-06,chamber_pressure,3.9649,3.79,4.21,2026-03-04T07:24:00
LOT-2228,cvd,CVD-06,rf_bias,253.1154,240.0,260.0,2026-03-04T07:24:00
LOT-2228,cmp,CMP-04,head_downforce,3.4464,3.33,3.67,2026-03-04T08:12:00
LOT-2228,cmp,CMP-04,platen_rpm,75.1628,72.9,77.1,2026-03-04T08:12:00
LOT-2228,cmp,CMP-04,slurry_flow_rate,180.8617,173.0,187.0,2026-03-04T08:12:00
LOT-2228,implant,IMP-01,beam_current,12.0922,11.58,12.42,2026-03-04T09:12:00
LOT-2228,implant,IMP-01,acceleration_energy,79.8908,78.2,81.8,2026-03-04T09:12:00
LOT-2228,implant,IMP-01,tilt_angle,7.0519,6.79,7.21,2026-03-04T09:12:00
LOT-2229,litho,LITHO-03,exposure_energy,24.47,23.7,25.3,2026-03-03T23:07:00
LOT-2229,litho,LITHO-03,focus_offset,6.6374,-7.5,7.5,2026-03-03T23:07:00
LOT-2229,litho,LITHO-03,numerical_aperture,1.3491,1.339,1.361,2026-03-03T23:07:00
LOT-2229,etch,ETCH-05,chamber_pressure,14.6092,13.8,16.2,2026-03-04T00:10:00
LOT-2229,etch,ETCH-05,rf_power_forward,855.3402,828.0,872.0,2026-03-04T00:10:00
LOT-2229,etch,ETCH-05,gas_flow_cl2,118.9277,115.8,124.2,2026-03-04T00:10:00
LOT-2229,cvd,CVD-03,deposition_temp,399.5862,394.5,405.5,2026-03-04T01:03:00
LOT-2229,cvd,CVD-03,chamber_pressure,4.0092,3.79,4.21,2026-03-04T01:03:00
LOT-2229,cvd,CVD-03,rf_bias,248.145,240.0,260.0,2026-03-04T01:03:00
LOT-2229,cmp,CMP-02,head_downforce,3.4306,3.33,3.67,2026-03-04T02:14:00
LOT-2229,cmp,CMP-02,platen_rpm,75.5965,72.9,77.1,2026-03-04T02:14:00
LOT-2229,cmp,CMP-02,slurry_flow_rate,179.969,173.0,187.0,2026-03-04T02:14:00
LOT-2229,implant,IMP-03,beam_current,11.8366,11.58,12.42,2026-03-04T03:26:00
LOT-2229,implant,IMP-03,acceleration_energy,79.9791,78.2,81.8,2026-03-04T03:26:00
LOT-2229,implant,IMP-03,tilt_angle,7.0691,6.79,7.21,2026-03-04T03:26:00
LOT-2230,litho,LITHO-03,exposure_energy,24.2474,23.7,25.3,2026-03-05T02:52:00
LOT-2230,litho,LITHO-03,focus_offset,7.6757,-7.5,7.5,2026-03-05T02:52:00
LOT-2230,litho,LITHO-03,numerical_aperture,1.3523,1.339,1.361,2026-03-05T02:52:00
LOT-2230,etch,ETCH-06,chamber_pressure,15.2696,13.8,16.2,2026-03-05T03:37:00
LOT-2230,etch,ETCH-06,rf_power_forward,852.8927,828.0,872.0,2026-03-05T03:37:00
LOT-2230,etch,ETCH-06,gas_flow_cl2,119.7941,115.8,124.2,2026-03-05T03:37:00
LOT-2230,cvd,CVD-01,deposition_temp,399.8179,394.5,405.5,2026-03-05T04:49:00
LOT-2230,cvd,CVD-01,chamber_pressure,4.0226,3.79,4.21,2026-03-05T04:49:00
LOT-2230,cvd,CVD-01,rf_bias,245.8918,240.0,260.0,2026-03-05T04:49:00
LOT-2230,cmp,CMP-04,head_downforce,3.5182,3.33,3.67,2026-03-05T06:06:00
LOT-2230,cmp,CMP-04,platen_rpm,75.1978,72.9,77.1,2026-03-05T06:06:00
LOT-2230,cmp,CMP-04,slurry_flow_rate,180.3158,173.0,187.0,2026-03-05T06:06:00
LOT-2230,implant,IMP-02,beam_current,11.8544,11.58,12.42,2026-03-05T06:58:00
LOT-2230,implant,IMP-02,acceleration_energy,79.5012,78.2,81.8,2026-03-05T06:58:00
LOT-2230,implant,IMP-02,tilt_angle,6.96,6.79,7.21,2026-03-05T06:58:00
LOT-2231,litho,LITHO-03,exposure_energy,24.5958,23.7,25.3,2026-03-05T00:54:00
LOT-2231,litho,LITHO-03,focus_offset,7.8641,-7.5,7.5,2026-03-05T00:54:00
LOT-2231,litho,LITHO-03,numerical_aperture,1.3547,1.339,1.361,2026-03-05T00:54:00
LOT-2231,etch,ETCH-03,chamber_pressure,15.3197,13.8,16.2,2026-03-05T02:03:00
LOT-2231,etch,ETCH-03,rf_power_forward,846.8418,828.0,872.0,2026-03-05T02:03:00
LOT-2231,etch,ETCH-03,gas_flow_cl2,120.7128,115.8,124.2,2026-03-05T02:03:00
LOT-2231,cvd,CVD-02,deposition_temp,402.707,394.5,405.5,2026-03-05T02:52:00
LOT-2231,cvd,CVD-02,chamber_pressure,3.9793,3.79,4.21,2026-03-05T02:52:00
LOT-2231,cvd,CVD-02,rf_bias,249.8273,240.0,260.0,2026-03-05T02:52:00
LOT-2231,cmp,CMP-01,head_downforce,3.5727,3.33,3.67,2026-03-05T04:01:00
LOT-2231,cmp,CMP-01,platen_rpm,74.6495,72.9,77.1,2026-03-05T04:01:00
LOT-2231,cmp,CMP-01,slurry_flow_rate,177.3593,173.0,187.0,2026-03-05T04:01:00
LOT-2231,implant,IMP-01,beam_current,12.0363,11.58,12.42,2026-03-05T05:00:00
LOT-2231,implant,IMP-01,acceleration_energy,80.2017,78.2,81.8,2026-03-05T05:00:00
LOT-2231,implant,IMP-01,tilt_angle,7.0173,6.79,7.21,2026-03-05T05:00:00
LOT-2232,litho,LITHO-03,exposure_energy,24.5443,23.7,25.3,2026-03-05T23:49:00
LOT-2232,litho,LITHO-03,focus_offset,8.0144,-7.5,7.5,2026-03-05T23:49:00
LOT-2232,litho,LITHO-03,numerical_aperture,1.3507,1.339,1.361,2026-03-05T23:49:00
LOT-2232,etch,ETCH-08,chamber_pressure,14.9767,13.8,16.2,2026-03-06T01:05:00
LOT-2232,etch,ETCH-08,rf_power_forward,856.8871,828.0,872.0,2026-03-06T01:05:00
LOT-2232,etch,ETCH-08,gas_flow_cl2,118.7083,115.8,124.2,2026-03-06T01:05:00
LOT-2232,cvd,CVD-03,deposition_temp,399.1306,394.5,405.5,2026-03-06T01:54:00
LOT-2232,cvd,CVD-03,chamber_pressure,3.9724,3.79,4.21,2026-03-06T01:54:00
LOT-2232,cvd,CVD-03,rf_bias,251.1195,240.0,260.0,2026-03-06T01:54:00
LOT-2232,cmp,CMP-02,head_downforce,3.5486,3.33,3.67,2026-03-06T02:43:00
LOT-2232,cmp,CMP-02,platen_rpm,74.93,72.9,77.1,2026-03-06T02:43:00
LOT-2232,cmp,CMP-02,slurry_flow_rate,178.2978,173.0,187.0,2026-03-06T02:43:00
LOT-2232,implant,IMP-01,beam_current,11.784,11.58,12.42,2026-03-06T03:50:00
LOT-2232,implant,IMP-01,acceleration_energy,79.4993,78.2,81.8,2026-03-06T03:50:00
LOT-2232,implant,IMP-01,tilt_angle,6.9658,6.79,7.21,2026-03-06T03:50:00
LOT-2233,litho,LITHO-03,exposure_energy,24.1725,23.7,25.3,2026-03-06T03:59:00
LOT-2233,litho,LITHO-03,focus_offset,7.2467,-7.5,7.5,2026-03-06T03:59:00
LOT-2233,litho,LITHO-03,numerical_aperture,1.3524,1.339,1.361,2026-03-06T03:59:00
LOT-2233,etch,ETCH-08,chamber_pressure,14.7481,13.8,16.2,2026-03-06T04:50:00
LOT-2233,etch,ETCH-08,rf_power_forward,846.2248,828.0,872.0,2026-03-06T04:50:00
LOT-2233,etch,ETCH-08,gas_flow_cl2,120.3213,115.8,124.2,2026-03-06T04:50:00
LOT-2233,cvd,CVD-05,deposition_temp,402.0114,394.5,405.5,2026-03-06T05:50:00
LOT-2233,cvd,CVD-05,chamber_pressure,4.0552,3.79,4.21,2026-03-06T05:50:00
LOT-2233,cvd,CVD-05,rf_bias,252.0661,240.0,260.0,2026-03-06T05:50:00
LOT-2233,cmp,CMP-02,head_downforce,3.4732,3.33,3.67,2026-03-06T06:35:00
LOT-2233,cmp,CMP-02,platen_rpm,75.3885,72.9,77.1,2026-03-06T06:35:00
LOT-2233,cmp,CMP-02,slurry_flow_rate,178.6025,173.0,187.0,2026-03-06T06:35:00
LOT-2233,implant,IMP-01,beam_current,11.9844,11.58,12.42,2026-03-06T07:28:00
LOT-2233,implant,IMP-01,acceleration_energy,80.3055,78.2,81.8,2026-03-06T07:28:00
LOT-2233,implant,IMP-01,tilt_angle,7.014,6.79,7.21,2026-03-06T07:28:00
LOT-2234,litho,LITHO-03,exposure_energy,24.5488,23.7,25.3,2026-03-05T15:55:00
LOT-2234,litho,LITHO-03,focus_offset,7.5772,-7.5,7.5,2026-03-05T15:55:00
LOT-2234,litho,LITHO-03,numerical_aperture,1.3456,1.339,1.361,2026-03-05T15:55:00
LOT-2234,etch,ETCH-06,chamber_pressure,14.9963,13.8,16.2,2026-03-05T16:58:00
LOT-2234,etch,ETCH-06,rf_power_forward,851.0747,828.0,872.0,2026-03-05T16:58:00
LOT-2234,etch,ETCH-06,gas_flow_cl2,121.2866,115.8,124.2,2026-03-05T16:58:00
LOT-2234,cvd,CVD-04,deposition_temp,399.0768,394.5,405.5,2026-03-05T18:04:00
LOT-2234,cvd,CVD-04,chamber_pressure,4.0326,3.79,4.21,2026-03-05T18:04:00
LOT-2234,cvd,CVD-04,rf_bias,247.1732,240.0,260.0,2026-03-05T18:04:00
LOT-2234,cmp,CMP-01,head_downforce,3.4936,3.33,3.67,2026-03-05T19:14:00
LOT-2234,cmp,CMP-01,platen_rpm,74.4906,72.9,77.1,2026-03-05T19:14:00
LOT-2234,cmp,CMP-01,slurry_flow_rate,177.655,173.0,187.0,2026-03-05T19:14:00
LOT-2234,implant,IMP-01,beam_current,11.8469,11.58,12.42,2026-03-05T20:28:00
LOT-2234,implant,IMP-01,acceleration_energy,79.7928,78.2,81.8,2026-03-05T20:28:00
LOT-2234,implant,IMP-01,tilt_angle,6.9791,6.79,7.21,2026-03-05T20:28:00
LOT-2240,litho,LITHO-02,exposure_energy,24.5192,23.7,25.3,2026-03-01T16:48:00
LOT-2240,litho,LITHO-02,focus_offset,2.9008,-7.5,7.5,2026-03-01T16:48:00
LOT-2240,litho,LITHO-02,numerical_aperture,1.3516,1.339,1.361,2026-03-01T16:48:00
LOT-2240,etch,ETCH-04,chamber_pressure,15.4242,13.8,16.2,2026-03-01T18:02:00
LOT-2240,etch,ETCH-04,rf_power_forward,847.0124,828.0,872.0,2026-03-01T18:02:00
LOT-2240,etch,ETCH-04,gas_flow_cl2,119.4145,115.8,124.2,2026-03-01T18:02:00
LOT-2240,cvd,CVD-05,deposition_temp,400.667,394.5,405.5,2026-03-01T19:22:00
LOT-2240,cvd,CVD-05,chamber_pressure,3.9925,3.79,4.21,2026-03-01T19:22:00
LOT-2240,cvd,CVD-05,rf_bias,250.4569,240.0,260.0,2026-03-01T19:22:00
LOT-2240,cmp,CMP-02,head_downforce,3.6808,3.33,3.67,2026-03-01T20:12:00
LOT-2240,cmp,CMP-02,platen_rpm,74.3382,72.9,77.1,2026-03-01T20:12:00
LOT-2240,cmp,CMP-02,slurry_flow_rate,181.6565,173.0,187.0,2026-03-01T20:12:00
LOT-2240,implant,IMP-02,beam_current,12.1178,11.58,12.42,2026-03-01T21:00:00
LOT-2240,implant,IMP-02,acceleration_energy,78.9725,78.2,81.8,2026-03-01T21:00:00
LOT-2240,implant,IMP-02,tilt_angle,7.0315,6.79,7.21,2026-03-01T21:00:00
LOT-2241,litho,LITHO-03,exposure_energy,24.6361,23.7,25.3,2026-03-03T05:48:00
LOT-2241,litho,LITHO-03,focus_offset,-3.7277,-7.5,7.5,2026-03-03T05:48:00
LOT-2241,litho,LITHO-03,numerical_aperture,1.3473,1.339,1.361,2026-03-03T05:48:00
LOT-2241,etch,ETCH-07,chamber_pressure,15.4261,13.8,16.2,2026-03-03T06:45:00
LOT-2241,etch,ETCH-07,rf_power_forward,849.4309,828.0,872.0,2026-03-03T06:45:00
LOT-2241,etch,ETCH-07,gas_flow_cl2,120.3876,115.8,124.2,2026-03-03T06:45:00
LOT-2241,cvd,CVD-02,deposition_temp,399.4887,394.5,405.5,2026-03-03T07:40:00
LOT-2241,cvd,CVD-02,chamber_pressure,3.9924,3.79,4.21,2026-03-03T07:40:00
LOT-2241,cvd,CVD-02,rf_bias,246.1396,240.0,260.0,2026-03-03T07:40:00
LOT-2241,cmp,CMP-02,head_downforce,3.694,3.33,3.67,2026-03-03T08:57:00
LOT-2241,cmp,CMP-02,platen_rpm,74.8453,72.9,77.1,2026-03-03T08:57:00
LOT-2241,cmp,CMP-02,slurry_flow_rate,179.5757,173.0,187.0,2026-03-03T08:57:00
LOT-2241,implant,IMP-01,beam_current,11.8929,11.58,12.42,2026-03-03T09:53:00
LOT-2241,implant,IMP-01,acceleration_energy,79.8175,78.2,81.8,2026-03-03T09:53:00
LOT-2241,implant,IMP-01,tilt_angle,7.0247,6.79,7.21,2026-03-03T09:53:00
LOT-2242,litho,LITHO-04,exposure_energy,24.413,23.7,25.3,2026-03-03T17:52:00
LOT-2242,litho,LITHO-04,focus_offset,1.5168,-7.5,7.5,2026-03-03T17:52:00
LOT-2242,litho,LITHO-04,numerical_aperture,1.3515,1.339,1.361,2026-03-03T17:52:00
LOT-2242,etch,ETCH-02,chamber_pressure,15.0206,13.8,16.2,2026-03-03T19:01:00
LOT-2242,etch,ETCH-02,rf_power_forward,853.6833,828.0,872.0,2026-03-03T19:01:00
LOT-2242,etch,ETCH-02,gas_flow_cl2,120.2501,115.8,124.2,2026-03-03T19:01:00
LOT-2242,cvd,CVD-05,deposition_temp,399.7631,394.5,405.5,2026-03-03T20:16:00
LOT-2242,cvd,CVD-05,chamber_pressure,4.0155,3.79,4.21,2026-03-03T20:16:00
LOT-2242,cvd,CVD-05,rf_bias,250.5567,240.0,260.0,2026-03-03T20:16:00
LOT-2242,cmp,CMP-02,head_downforce,3.6681,3.33,3.67,2026-03-03T21:24:00
LOT-2242,cmp,CMP-02,platen_rpm,74.5712,72.9,77.1,2026-03-03T21:24:00
LOT-2242,cmp,CMP-02,slurry_flow_rate,180.6646,173.0,187.0,2026-03-03T21:24:00
LOT-2242,implant,IMP-01,beam_current,11.9037,11.58,12.42,2026-03-03T22:11:00
LOT-2242,implant,IMP-01,acceleration_energy,79.8698,78.2,81.8,2026-03-03T22:11:00
LOT-2242,implant,IMP-01,tilt_angle,7.0481,6.79,7.21,2026-03-03T22:11:00
LOT-2243,litho,LITHO-02,exposure_energy,24.2236,23.7,25.3,2026-03-03T13:06:00
LOT-2243,litho,LITHO-02,focus_offset,-0.8138,-7.5,7.5,2026-03-03T13:06:00
LOT-2243,litho,LITHO-02,numerical_aperture,1.352,1.339,1.361,2026-03-03T13:06:00
LOT-2243,etch,ETCH-01,chamber_pressure,14.7816,13.8,16.2,2026-03-03T14:19:00
LOT-2243,etch,ETCH-01,rf_power_forward,856.7647,828.0,872.0,2026-03-03T14:19:00
LOT-2243,etch,ETCH-01,gas_flow_cl2,119.8386,115.8,124.2,2026-03-03T14:19:00
LOT-2243,cvd,CVD-05,deposition_temp,400.0552,394.5,405.5,2026-03-03T15:18:00
LOT-2243,cvd,CVD-05,chamber_pressure,3.9779,3.79,4.21,2026-03-03T15:18:00
LOT-2243,cvd,CVD-05,rf_bias,247.8287,240.0,260.0,2026-03-03T15:18:00
LOT-2243,cmp,CMP-02,head_downforce,3.6787,3.33,3.67,2026-03-03T16:37:00
LOT-2243,cmp,CMP-02,platen_rpm,74.4976,72.9,77.1,2026-03-03T16:37:00
LOT-2243,cmp,CMP-02,slurry_flow_rate,179.0773,173.0,187.0,2026-03-03T16:37:00
LOT-2243,implant,IMP-02,beam_current,12.0777,11.58,12.42,2026-03-03T17:27:00
LOT-2243,implant,IMP-02,acceleration_energy,79.9277,78.2,81.8,2026-03-03T17:27:00
LOT-2243,implant,IMP-02,tilt_angle,6.8866,6.79,7.21,2026-03-03T17:27:00
LOT-2244,litho,LITHO-01,exposure_energy,24.4444,23.7,25.3,2026-03-03T00:20:00
LOT-2244,litho,LITHO-01,focus_offset,0.8089,-7.5,7.5,2026-03-03T00:20:00
LOT-2244,litho,LITHO-01,numerical_aperture,1.3504,1.339,1.361,2026-03-03T00:20:00
LOT-2244,etch,ETCH-06,chamber_pressure,15.1871,13.8,16.2,2026-03-03T01:16:00
LOT-2244,etch,ETCH-06,rf_power_forward,854.8142,828.0,872.0,2026-03-03T01:16:00
LOT-2244,etch,ETCH-06,gas_flow_cl2,120.6664,115.8,124.2,2026-03-03T01:16:00
LOT-2244,cvd,CVD-03,deposition_temp,400.6685,394.5,405.5,2026-03-03T02:12:00
LOT-2244,cvd,CVD-03,chamber_pressure,3.961,3.79,4.21,2026-03-03T02:12:00
LOT-2244,cvd,CVD-03,rf_bias,250.8678,240.0,260.0,2026-03-03T02:12:00
LOT-2244,cmp,CMP-02,head_downforce,3.6703,3.33,3.67,2026-03-03T03:28:00
LOT-2244,cmp,CMP-02,platen_rpm,74.7025,72.9,77.1,2026-03-03T03:28:00
LOT-2244,cmp,CMP-02,slurry_flow_rate,178.407,173.0,187.0,2026-03-03T03:28:00
LOT-2244,implant,IMP-02,beam_current,11.9008,11.58,12.42,2026-03-03T04:19:00
LOT-2244,implant,IMP-02,acceleration_energy,80.0652,78.2,81.8,2026-03-03T04:19:00
LOT-2244,implant,IMP-02,tilt_angle,7.0212,6.79,7.21,2026-03-03T04:19:00
LOT-2245,litho,LITHO-02,exposure_energy,24.7252,23.7,25.3,2026-03-04T07:04:00
LOT-2245,litho,LITHO-02,focus_offset,-0.9597,-7.5,7.5,2026-03-04T07:04:00
LOT-2245,litho,LITHO-02,numerical_aperture,1.3538,1.339,1.361,2026-03-04T07:04:00
LOT-2245,etch,ETCH-03,chamber_pressure,14.4773,13.8,16.2,2026-03-04T08:04:00
LOT-2245,etch,ETCH-03,rf_power_forward,850.6257,828.0,872.0,2026-03-04T08:04:00
LOT-2245,etch,ETCH-03,gas_flow_cl2,118.9726,115.8,124.2,2026-03-04T08:04:00
LOT-2245,cvd,CVD-05,deposition_temp,399.0863,394.5,405.5,2026-03-04T08:51:00
LOT-2245,cvd,CVD-05,chamber_pressure,4.0216,3.79,4.21,2026-03-04T08:51:00
LOT-2245,cvd,CVD-05,rf_bias,250.6701,240.0,260.0,2026-03-04T08:51:00
LOT-2245,cmp,CMP-02,head_downforce,3.6934,3.33,3.67,2026-03-04T09:43:00
LOT-2245,cmp,CMP-02,platen_rpm,74.2469,72.9,77.1,2026-03-04T09:43:00
LOT-2245,cmp,CMP-02,slurry_flow_rate,180.5074,173.0,187.0,2026-03-04T09:43:00
LOT-2245,implant,IMP-02,beam_current,11.9352,11.58,12.42,2026-03-04T10:44:00
LOT-2245,implant,IMP-02,acceleration_energy,79.5775,78.2,81.8,2026-03-04T10:44:00
LOT-2245,implant,IMP-02,tilt_angle,6.9589,6.79,7.21,2026-03-04T10:44:00
LOT-2246,litho,LITHO-03,exposure_energy,24.8372,23.7,25.3,2026-03-04T09:53:00
LOT-2246,litho,LITHO-03,focus_offset,0.0405,-7.5,7.5,2026-03-04T09:53:00
LOT-2246,litho,LITHO-03,numerical_aperture,1.353,1.339,1.361,2026-03-04T09:53:00
LOT-2246,etch,ETCH-01,chamber_pressure,14.7039,13.8,16.2,2026-03-04T10:44:00
LOT-2246,etch,ETCH-01,rf_power_forward,852.4689,828.0,872.0,2026-03-04T10:44:00
LOT-2246,etch,ETCH-01,gas_flow_cl2,120.5599,115.8,124.2,2026-03-04T10:44:00
LOT-2246,cvd,CVD-03,deposition_temp,399.8188,394.5,405.5,2026-03-04T11:38:00
LOT-2246,cvd,CVD-03,chamber_pressure,4.0106,3.79,4.21,2026-03-04T11:38:00
LOT-2246,cvd,CVD-03,rf_bias,248.669,240.0,260.0,2026-03-04T11:38:00
LOT-2246,cmp,CMP-02,head_downforce,3.6882,3.33,3.67,2026-03-04T12:29:00
LOT-2246,cmp,CMP-02,platen_rpm,75.9095,72.9,77.1,2026-03-04T12:29:00
LOT-2246,cmp,CMP-02,slurry_flow_rate,179.9667,173.0,187.0,2026-03-04T12:29:00
LOT-2246,implant,IMP-02,beam_current,11.7694,11.58,12.42,2026-03-04T13:37:00
LOT-2246,implant,IMP-02,acceleration_energy,79.9043,78.2,81.8,2026-03-04T13:37:00
LOT-2246,implant,IMP-02,tilt_angle,7.0034,6.79,7.21,2026-03-04T13:37:00
LOT-2247,litho,LITHO-03,exposure_energy,24.5834,23.7,25.3,2026-03-03T14:56:00
LOT-2247,litho,LITHO-03,focus_offset,0.2017,-7.5,7.5,2026-03-03T14:56:00
LOT-2247,litho,LITHO-03,numerical_aperture,1.3506,1.339,1.361,2026-03-03T14:56:00
LOT-2247,etch,ETCH-05,chamber_pressure,15.5439,13.8,16.2,2026-03-03T15:44:00
LOT-2247,etch,ETCH-05,rf_power_forward,858.2495,828.0,872.0,2026-03-03T15:44:00
LOT-2247,etch,ETCH-05,gas_flow_cl2,121.1126,115.8,124.2,2026-03-03T15:44:00
LOT-2247,cvd,CVD-05,deposition_temp,398.9355,394.5,405.5,2026-03-03T16:51:00
LOT-2247,cvd,CVD-05,chamber_pressure,3.9654,3.79,4.21,2026-03-03T16:51:00
LOT-2247,cvd,CVD-05,rf_bias,249.0963,240.0,260.0,2026-03-03T16:51:00
LOT-2247,cmp,CMP-02,head_downforce,3.6866,3.33,3.67,2026-03-03T17:55:00
LOT-2247,cmp,CMP-02,platen_rpm,74.7657,72.9,77.1,2026-03-03T17:55:00
LOT-2247,cmp,CMP-02,slurry_flow_rate,183.2939,173.0,187.0,2026-03-03T17:55:00
LOT-2247,implant,IMP-01,beam_current,11.9794,11.58,12.42,2026-03-03T19:03:00
LOT-2247,implant,IMP-01,acceleration_energy,80.6649,78.2,81.8,2026-03-03T19:03:00
LOT-2247,implant,IMP-01,tilt_angle,7.0819,6.79,7.21,2026-03-03T19:03:00
LOT-2248,litho,LITHO-02,exposure_energy,24.3767,23.7,25.3,2026-03-05T06:58:00
LOT-2248,litho,LITHO-02,focus_offset,-2.1991,-7.5,7.5,2026-03-05T06:58:00
LOT-2248,litho,LITHO-02,numerical_aperture,1.3509,1.339,1.361,2026-03-05T06:58:00
LOT-2248,etch,ETCH-07,chamber_pressure,15.3597,13.8,16.2,2026-03-05T07:55:00
LOT-2248,etch,ETCH-07,rf_power_forward,855.4347,828.0,872.0,2026-03-05T07:55:00
LOT-2248,etch,ETCH-07,gas_flow_cl2,119.9117,115.8,124.2,2026-03-05T07:55:00
LOT-2248,cvd,CVD-03,deposition_temp,398.9643,394.5,405.5,2026-03-05T08:45:00
LOT-2248,cvd,CVD-03,chamber_pressure,3.966,3.79,4.21,2026-03-05T08:45:00
LOT-2248,cvd,CVD-03,rf_bias,248.7686,240.0,260.0,2026-03-05T08:45:00
LOT-2248,cmp,CMP-02,head_downforce,3.6819,3.33,3.67,2026-03-05T09:31:00
LOT-2248,cmp,CMP-02,platen_rpm,75.6565,72.9,77.1,2026-03-05T09:31:00
LOT-2248,cmp,CMP-02,slurry_flow_rate,178.3105,173.0,187.0,2026-03-05T09:31:00
LOT-2248,implant,IMP-01,beam_current,11.7542,11.58,12.42,2026-03-05T10:34:00
LOT-2248,implant,IMP-01,acceleration_energy,80.6612,78.2,81.8,2026-03-05T10:34:00
LOT-2248,implant,IMP-01,tilt_angle,7.0427,6.79,7.21,2026-03-05T10:34:00
LOT-2249,litho,LITHO-03,exposure_energy,24.3267,23.7,25.3,2026-03-04T22:14:00
LOT-2249,litho,LITHO-03,focus_offset,-0.7203,-7.5,7.5,2026-03-04T22:14:00
LOT-2249,litho,LITHO-03,numerical_aperture,1.3446,1.339,1.361,2026-03-04T22:14:00
LOT-2249,etch,ETCH-05,chamber_pressure,15.3666,13.8,16.2,2026-03-04T23:07:00
LOT-2249,etch,ETCH-05,rf_power_forward,855.7931,828.0,872.0,2026-03-04T23:07:00
LOT-2249,etch,ETCH-05,gas_flow_cl2,120.0059,115.8,124.2,2026-03-04T23:07:00
LOT-2249,cvd,CVD-05,deposition_temp,400.8452,394.5,405.5,2026-03-05T00:06:00
LOT-2249,cvd,CVD-05,chamber_pressure,3.9557,3.79,4.21,2026-03-05T00:06:00
LOT-2249,cvd,CVD-05,rf_bias,251.5641,240.0,260.0,2026-03-05T00:06:00
LOT-2249,cmp,CMP-02,head_downforce,3.6926,3.33,3.67,2026-03-05T01:17:00
LOT-2249,cmp,CMP-02,platen_rpm,74.1068,72.9,77.1,2026-03-05T01:17:00
LOT-2249,cmp,CMP-02,slurry_flow_rate,179.3626,173.0,187.0,2026-03-05T01:17:00
LOT-2249,implant,IMP-01,beam_current,11.9536,11.58,12.42,2026-03-05T02:13:00
LOT-2249,implant,IMP-01,acceleration_energy,80.2142,78.2,81.8,2026-03-05T02:13:00
LOT-2249,implant,IMP-01,tilt_angle,7.0049,6.79,7.21,2026-03-05T02:13:00
LOT-2250,litho,LITHO-02,exposure_energy,24.87,23.7,25.3,2026-03-04T14:54:00
LOT-2250,litho,LITHO-02,focus_offset,-3.4006,-7.5,7.5,2026-03-04T14:54:00
LOT-2250,litho,LITHO-02,numerical_aperture,1.3493,1.339,1.361,2026-03-04T14:54:00
LOT-2250,etch,ETCH-05,chamber_pressure,14.7181,13.8,16.2,2026-03-04T15:59:00
LOT-2250,etch,ETCH-05,rf_power_forward,850.8865,828.0,872.0,2026-03-04T15:59:00
LOT-2250,etch,ETCH-05,gas_flow_cl2,121.7997,115.8,124.2,2026-03-04T15:59:00
LOT-2250,cvd,CVD-02,deposition_temp,400.6424,394.5,405.5,2026-03-04T16:55:00
LOT-2250,cvd,CVD-02,chamber_pressure,3.9832,3.79,4.21,2026-03-04T16:55:00
LOT-2250,cvd,CVD-02,rf_bias,249.7725,240.0,260.0,2026-03-04T16:55:00
LOT-2250,cmp,CMP-02,head_downforce,3.692,3.33,3.67,2026-03-04T17:52:00
LOT-2250,cmp,CMP-02,platen_rpm,74.1668,72.9,77.1,2026-03-04T17:52:00
LOT-2250,cmp,CMP-02,slurry_flow_rate,179.4882,173.0,187.0,2026-03-04T17:52:00
LOT-2250,implant,IMP-03,beam_current,11.9831,11.58,12.42,2026-03-04T19:05:00
LOT-2250,implant,IMP-03,acceleration_energy,79.6475,78.2,81.8,2026-03-04T19:05:00
LOT-2250,implant,IMP-03,tilt_angle,7.0108,6.79,7.21,2026-03-04T19:05:00
LOT-2251,litho,LITHO-04,exposure_energy,24.5109,23.7,25.3,2026-03-04T22:02:00
LOT-2251,litho,LITHO-04,focus_offset,-0.3791,-7.5,7.5,2026-03-04T22:02:00
LOT-2251,litho,LITHO-04,numerical_aperture,1.3476,1.339,1.361,2026-03-04T22:02:00
LOT-2251,etch,ETCH-05,chamber_pressure,15.0599,13.8,16.2,2026-03-04T22:57:00
LOT-2251,etch,ETCH-05,rf_power_forward,844.4181,828.0,872.0,2026-03-04T22:57:00
LOT-2251,etch,ETCH-05,gas_flow_cl2,118.6178,115.8,124.2,2026-03-04T22:57:00
LOT-2251,cvd,CVD-06,deposition_temp,399.431,394.5,405.5,2026-03-04T23:48:00
LOT-2251,cvd,CVD-06,chamber_pressure,4.0283,3.79,4.21,2026-03-04T23:48:00
LOT-2251,cvd,CVD-06,rf_bias,250.0084,240.0,260.0,2026-03-04T23:48:00
LOT-2251,cmp,CMP-02,head_downforce,3.6935,3.33,3.67,2026-03-05T01:03:00
LOT-2251,cmp,CMP-02,platen_rpm,74.5122,72.9,77.1,2026-03-05T01:03:00
LOT-2251,cmp,CMP-02,slurry_flow_rate,177.71,173.0,187.0,2026-03-05T01:03:00
LOT-2251,implant,IMP-01,beam_current,11.8112,11.58,12.42,2026-03-05T01:58:00
LOT-2251,implant,IMP-01,acceleration_energy,79.6616,78.2,81.8,2026-03-05T01:58:00
LOT-2251,implant,IMP-01,tilt_angle,6.9401,6.79,7.21,2026-03-05T01:58:00
LOT-2252,litho,LITHO-01,exposure_energy,24.4153,23.7,25.3,2026-03-05T11:52:00
LOT-2252,litho,LITHO-01,focus_offset,0.7561,-7.5,7.5,2026-03-05T11:52:00
LOT-2252,litho,LITHO-01,numerical_aperture,1.3462,1.339,1.361,2026-03-05T11:52:00
LOT-2252,etch,ETCH-07,chamber_pressure,14.842,13.8,16.2,2026-03-05T12:50:00
LOT-2252,etch,ETCH-07,rf_power_forward,846.2242,828.0,872.0,2026-03-05T12:50:00
LOT-2252,etch,ETCH-07,gas_flow_cl2,119.201,115.8,124.2,2026-03-05T12:50:00
LOT-2252,cvd,CVD-04,deposition_temp,401.0144,394.5,405.5,2026-03-05T13:52:00
LOT-2252,cvd,CVD-04,chamber_pressure,4.0123,3.79,4.21,2026-03-05T13:52:00
LOT-2252,cvd,CVD-04,rf_bias,252.0913,240.0,260.0,2026-03-05T13:52:00
LOT-2252,cmp,CMP-02,head_downforce,3.6797,3.33,3.67,2026-03-05T14:52:00
LOT-2252,cmp,CMP-02,platen_rpm,74.646,72.9,77.1,2026-03-05T14:52:00
LOT-2252,cmp,CMP-02,slurry_flow_rate,181.6844,173.0,187.0,2026-03-05T14:52:00
LOT-2252,implant,IMP-02,beam_current,12.0867,11.58,12.42,2026-03-05T15:45:00
LOT-2252,implant,IMP-02,acceleration_energy,80.3874,78.2,81.8,2026-03-05T15:45:00
LOT-2252,implant,IMP-02,tilt_angle,6.9056,6.79,7.21,2026-03-05T15:45:00
LOT-2253,litho,LITHO-04,exposure_energy,24.4601,23.7,25.3,2026-03-05T14:47:00
LOT-2253,litho,LITHO-04,focus_offset,1.6342,-7.5,7.5,2026-03-05T14:47:00
LOT-2253,litho,LITHO-04,numerical_aperture,1.3433,1.339,1.361,2026-03-05T14:47:00
LOT-2253,etch,ETCH-08,chamber_pressure,15.0942,13.8,16.2,2026-03-05T15:37:00
LOT-2253,etch,ETCH-08,rf_power_forward,845.7645,828.0,872.0,2026-03-05T15:37:00
LOT-2253,etch,ETCH-08,gas_flow_cl2,119.4261,115.8,124.2,2026-03-05T15:37:00
LOT-2253,cvd,CVD-05,deposition_temp,401.0331,394.5,405.5,2026-03-05T16:57:00
LOT-2253,cvd,CVD-05,chamber_pressure,4.0254,3.79,4.21,2026-03-05T16:57:00
LOT-2253,cvd,CVD-05,rf_bias,247.7699,240.0,260.0,2026-03-05T16:57:00
LOT-2253,cmp,CMP-02,head_downforce,3.7102,3.33,3.67,2026-03-05T17:55:00
LOT-2253,cmp,CMP-02,platen_rpm,75.3843,72.9,77.1,2026-03-05T17:55:00
LOT-2253,cmp,CMP-02,slurry_flow_rate,181.1473,173.0,187.0,2026-03-05T17:55:00
LOT-2253,implant,IMP-02,beam_current,12.1224,11.58,12.42,2026-03-05T19:00:00
LOT-2253,implant,IMP-02,acceleration_energy,80.4544,78.2,81.8,2026-03-05T19:00:00
LOT-2253,implant,IMP-02,tilt_angle,7.0489,6.79,7.21,2026-03-05T19:00:00
LOT-2260,litho,LITHO-03,exposure_energy,24.3518,23.7,25.3,2026-03-01T17:10:00
LOT-2260,litho,LITHO-03,focus_offset,-0.0839,-7.5,7.5,2026-03-01T17:10:00
LOT-2260,litho,LITHO-03,numerical_aperture,1.348,1.339,1.361,2026-03-01T17:10:00
LOT-2260,etch,ETCH-03,chamber_pressure,14.4655,13.8,16.2,2026-03-01T18:28:00
LOT-2260,etch,ETCH-03,rf_power_forward,843.2754,828.0,872.0,2026-03-01T18:28:00
LOT-2260,etch,ETCH-03,gas_flow_cl2,119.6502,115.8,124.2,2026-03-01T18:28:00
LOT-2260,cvd,CVD-05,deposition_temp,394.3374,394.5,405.5,2026-03-01T19:19:00
LOT-2260,cvd,CVD-05,chamber_pressure,3.9561,3.79,4.21,2026-03-01T19:19:00
LOT-2260,cvd,CVD-05,rf_bias,251.3163,240.0,260.0,2026-03-01T19:19:00
LOT-2260,cmp,CMP-03,head_downforce,3.5006,3.33,3.67,2026-03-01T20:16:00
LOT-2260,cmp,CMP-03,platen_rpm,74.7096,72.9,77.1,2026-03-01T20:16:00
LOT-2260,cmp,CMP-03,slurry_flow_rate,182.4835,173.0,187.0,2026-03-01T20:16:00
LOT-2260,implant,IMP-03,beam_current,11.976,11.58,12.42,2026-03-01T21:13:00
LOT-2260,implant,IMP-03,acceleration_energy,80.5156,78.2,81.8,2026-03-01T21:13:00
LOT-2260,implant,IMP-03,tilt_angle,6.9694,6.79,7.21,2026-03-01T21:13:00
LOT-2261,litho,LITHO-04,exposure_energy,24.6771,23.7,25.3,2026-03-02T18:48:00
LOT-2261,litho,LITHO-04,focus_offset,0.534,-7.5,7.5,2026-03-02T18:48:00
LOT-2261,litho,LITHO-04,numerical_aperture,1.3515,1.339,1.361,2026-03-02T18:48:00
LOT-2261,etch,ETCH-05,chamber_pressure,15.3187,13.8,16.2,2026-03-02T19:46:00
LOT-2261,etch,ETCH-05,rf_power_forward,847.533,828.0,872.0,2026-03-02T19:46:00
LOT-2261,etch,ETCH-05,gas_flow_cl2,122.2717,115.8,124.2,2026-03-02T19:46:00
LOT-2261,cvd,CVD-05,deposition_temp,394.4125,394.5,405.5,2026-03-02T20:48:00
LOT-2261,cvd,CVD-05,chamber_pressure,3.9742,3.79,4.21,2026-03-02T20:48:00
LOT-2261,cvd,CVD-05,rf_bias,248.2075,240.0,260.0,2026-03-02T20:48:00
LOT-2261,cmp,CMP-01,head_downforce,3.526,3.33,3.67,2026-03-02T22:05:00
LOT-2261,cmp,CMP-01,platen_rpm,75.2608,72.9,77.1,2026-03-02T22:05:00
LOT-2261,cmp,CMP-01,slurry_flow_rate,177.5148,173.0,187.0,2026-03-02T22:05:00
LOT-2261,implant,IMP-01,beam_current,11.8502,11.58,12.42,2026-03-02T23:20:00
LOT-2261,implant,IMP-01,acceleration_energy,80.0197,78.2,81.8,2026-03-02T23:20:00
LOT-2261,implant,IMP-01,tilt_angle,7.041,6.79,7.21,2026-03-02T23:20:00
LOT-2262,litho,LITHO-04,exposure_energy,24.4884,23.7,25.3,2026-03-02T04:55:00
LOT-2262,litho,LITHO-04,focus_offset,-1.9363,-7.5,7.5,2026-03-02T04:55:00
LOT-2262,litho,LITHO-04,numerical_aperture,1.3491,1.339,1.361,2026-03-02T04:55:00
LOT-2262,etch,ETCH-06,chamber_pressure,14.8289,13.8,16.2,2026-03-02T06:11:00
LOT-2262,etch,ETCH-06,rf_power_forward,855.4166,828.0,872.0,2026-03-02T06:11:00
LOT-2262,etch,ETCH-06,gas_flow_cl2,120.0472,115.8,124.2,2026-03-02T06:11:00
LOT-2262,cvd,CVD-05,deposition_temp,394.9486,394.5,405.5,2026-03-02T07:12:00
LOT-2262,cvd,CVD-05,chamber_pressure,4.0303,3.79,4.21,2026-03-02T07:12:00
LOT-2262,cvd,CVD-05,rf_bias,253.0912,240.0,260.0,2026-03-02T07:12:00
LOT-2262,cmp,CMP-02,head_downforce,3.4805,3.33,3.67,2026-03-02T07:58:00
LOT-2262,cmp,CMP-02,platen_rpm,75.8836,72.9,77.1,2026-03-02T07:58:00
LOT-2262,cmp,CMP-02,slurry_flow_rate,179.4306,173.0,187.0,2026-03-02T07:58:00
LOT-2262,implant,IMP-01,beam_current,11.8936,11.58,12.42,2026-03-02T09:00:00
LOT-2262,implant,IMP-01,acceleration_energy,79.2983,78.2,81.8,2026-03-02T09:00:00
LOT-2262,implant,IMP-01,tilt_angle,7.0351,6.79,7.21,2026-03-02T09:00:00
LOT-2263,litho,LITHO-01,exposure_energy,24.6222,23.7,25.3,2026-03-02T18:04:00
LOT-2263,litho,LITHO-01,focus_offset,0.2958,-7.5,7.5,2026-03-02T18:04:00
LOT-2263,litho,LITHO-01,numerical_aperture,1.3497,1.339,1.361,2026-03-02T18:04:00
LOT-2263,etch,ETCH-08,chamber_pressure,14.8909,13.8,16.2,2026-03-02T18:52:00
LOT-2263,etch,ETCH-08,rf_power_forward,840.8516,828.0,872.0,2026-03-02T18:52:00
LOT-2263,etch,ETCH-08,gas_flow_cl2,118.3416,115.8,124.2,2026-03-02T18:52:00
LOT-2263,cvd,CVD-05,deposition_temp,394.8158,394.5,405.5,2026-03-02T19:49:00
LOT-2263,cvd,CVD-05,chamber_pressure,4.0894,3.79,4.21,2026-03-02T19:49:00
LOT-2263,cvd,CVD-05,rf_bias,248.242,240.0,260.0,2026-03-02T19:49:00
LOT-2263,cmp,CMP-04,head_downforce,3.5119,3.33,3.67,2026-03-02T21:01:00
LOT-2263,cmp,CMP-04,platen_rpm,74.6506,72.9,77.1,2026-03-02T21:01:00
LOT-2263,cmp,CMP-04,slurry_flow_rate,181.0033,173.0,187.0,2026-03-02T21:01:00
LOT-2263,implant,IMP-02,beam_current,11.8266,11.58,12.42,2026-03-02T21:48:00
LOT-2263,implant,IMP-02,acceleration_energy,80.8745,78.2,81.8,2026-03-02T21:48:00
LOT-2263,implant,IMP-02,tilt_angle,7.0111,6.79,7.21,2026-03-02T21:48:00
LOT-2264,litho,LITHO-01,exposure_energy,24.67,23.7,25.3,2026-03-03T06:20:00
LOT-2264,litho,LITHO-01,focus_offset,-0.8094,-7.5,7.5,2026-03-03T06:20:00
LOT-2264,litho,LITHO-01,numerical_aperture,1.35,1.339,1.361,2026-03-03T06:20:00
LOT-2264,etch,ETCH-07,chamber_pressure,15.0685,13.8,16.2,2026-03-03T07:36:00
LOT-2264,etch,ETCH-07,rf_power_forward,842.2397,828.0,872.0,2026-03-03T07:36:00
LOT-2264,etch,ETCH-07,gas_flow_cl2,120.8094,115.8,124.2,2026-03-03T07:36:00
LOT-2264,cvd,CVD-05,deposition_temp,394.1271,394.5,405.5,2026-03-03T08:53:00
LOT-2264,cvd,CVD-05,chamber_pressure,4.0221,3.79,4.21,2026-03-03T08:53:00
LOT-2264,cvd,CVD-05,rf_bias,250.8753,240.0,260.0,2026-03-03T08:53:00
LOT-2264,cmp,CMP-01,head_downforce,3.5336,3.33,3.67,2026-03-03T10:11:00
LOT-2264,cmp,CMP-01,platen_rpm,74.7371,72.9,77.1,2026-03-03T10:11:00
LOT-2264,cmp,CMP-01,slurry_flow_rate,181.4241,173.0,187.0,2026-03-03T10:11:00
LOT-2264,implant,IMP-01,beam_current,12.0629,11.58,12.42,2026-03-03T10:57:00
LOT-2264,implant,IMP-01,acceleration_energy,80.0035,78.2,81.8,2026-03-03T10:57:00
LOT-2264,implant,IMP-01,tilt_angle,6.9224,6.79,7.21,2026-03-03T10:57:00
LOT-2265,litho,LITHO-03,exposure_energy,24.6484,23.7,25.3,2026-03-03T11:20:00
LOT-2265,litho,LITHO-03,focus_offset,-3.0024,-7.5,7.5,2026-03-03T11:20:00
LOT-2265,litho,LITHO-03,numerical_aperture,1.3553,1.339,1.361,2026-03-03T11:20:00
LOT-2265,etch,ETCH-06,chamber_pressure,15.1353,13.8,16.2,2026-03-03T12:38:00
LOT-2265,etch,ETCH-06,rf_power_forward,850.0028,828.0,872.0,2026-03-03T12:38:00
LOT-2265,etch,ETCH-06,gas_flow_cl2,120.8196,115.8,124.2,2026-03-03T12:38:00
LOT-2265,cvd,CVD-05,deposition_temp,394.3678,394.5,405.5,2026-03-03T13:45:00
LOT-2265,cvd,CVD-05,chamber_pressure,3.8736,3.79,4.21,2026-03-03T13:45:00
LOT-2265,cvd,CVD-05,rf_bias,247.0496,240.0,260.0,2026-03-03T13:45:00
LOT-2265,cmp,CMP-02,head_downforce,3.4775,3.33,3.67,2026-03-03T14:44:00
LOT-2265,cmp,CMP-02,platen_rpm,74.1698,72.9,77.1,2026-03-03T14:44:00
LOT-2265,cmp,CMP-02,slurry_flow_rate,180.0401,173.0,187.0,2026-03-03T14:44:00
LOT-2265,implant,IMP-02,beam_current,11.8831,11.58,12.42,2026-03-03T15:29:00
LOT-2265,implant,IMP-02,acceleration_energy,79.5869,78.2,81.8,2026-03-03T15:29:00
LOT-2265,implant,IMP-02,tilt_angle,7.0545,6.79,7.21,2026-03-03T15:29:00
LOT-2266,litho,LITHO-03,exposure_energy,24.3784,23.7,25.3,2026-03-03T23:05:00
LOT-2266,litho,LITHO-03,focus_offset,-1.3144,-7.5,7.5,2026-03-03T23:05:00
LOT-2266,litho,LITHO-03,numerical_aperture,1.3485,1.339,1.361,2026-03-03T23:05:00
LOT-2266,etch,ETCH-01,chamber_pressure,15.0675,13.8,16.2,2026-03-04T00:02:00
LOT-2266,etch,ETCH-01,rf_power_forward,853.3734,828.0,872.0,2026-03-04T00:02:00
LOT-2266,etch,ETCH-01,gas_flow_cl2,121.3491,115.8,124.2,2026-03-04T00:02:00
LOT-2266,cvd,CVD-05,deposition_temp,395.2483,394.5,405.5,2026-03-04T00:53:00
LOT-2266,cvd,CVD-05,chamber_pressure,4.0035,3.79,4.21,2026-03-04T00:53:00
LOT-2266,cvd,CVD-05,rf_bias,254.7281,240.0,260.0,2026-03-04T00:53:00
LOT-2266,cmp,CMP-02,head_downforce,3.559,3.33,3.67,2026-03-04T02:09:00
LOT-2266,cmp,CMP-02,platen_rpm,75.2648,72.9,77.1,2026-03-04T02:09:00
LOT-2266,cmp,CMP-02,slurry_flow_rate,177.9529,173.0,187.0,2026-03-04T02:09:00
LOT-2266,implant,IMP-03,beam_current,12.0328,11.58,12.42,2026-03-04T03:23:00
LOT-2266,implant,IMP-03,acceleration_energy,79.9626,78.2,81.8,2026-03-04T03:23:00
LOT-2266,implant,IMP-03,tilt_angle,7.036,6.79,7.21,2026-03-04T03:23:00
LOT-2267,litho,LITHO-03,exposure_energy,24.5602,23.7,25.3,2026-03-04T03:51:00
LOT-2267,litho,LITHO-03,focus_offset,-0.3644,-7.5,7.5,2026-03-04T03:51:00
LOT-2267,litho,LITHO-03,numerical_aperture,1.3515,1.339,1.361,2026-03-04T03:51:00
LOT-2267,etch,ETCH-04,chamber_pressure,15.6445,13.8,16.2,2026-03-04T04:42:00
LOT-2267,etch,ETCH-04,rf_power_forward,852.1867,828.0,872.0,2026-03-04T04:42:00
LOT-2267,etch,ETCH-04,gas_flow_cl2,120.0256,115.8,124.2,2026-03-04T04:42:00
LOT-2267,cvd,CVD-05,deposition_temp,394.9413,394.5,405.5,2026-03-04T05:51:00
LOT-2267,cvd,CVD-05,chamber_pressure,3.9118,3.79,4.21,2026-03-04T05:51:00
LOT-2267,cvd,CVD-05,rf_bias,251.5451,240.0,260.0,2026-03-04T05:51:00
LOT-2267,cmp,CMP-04,head_downforce,3.5177,3.33,3.67,2026-03-04T07:03:00
LOT-2267,cmp,CMP-04,platen_rpm,75.4424,72.9,77.1,2026-03-04T07:03:00
LOT-2267,cmp,CMP-04,slurry_flow_rate,180.8688,173.0,187.0,2026-03-04T07:03:00
LOT-2267,implant,IMP-01,beam_current,11.9853,11.58,12.42,2026-03-04T07:56:00
LOT-2267,implant,IMP-01,acceleration_energy,80.5984,78.2,81.8,2026-03-04T07:56:00
LOT-2267,implant,IMP-01,tilt_angle,6.9925,6.79,7.21,2026-03-04T07:56:00
LOT-2268,litho,LITHO-02,exposure_energy,24.4932,23.7,25.3,2026-03-04T05:18:00
LOT-2268,litho,LITHO-02,focus_offset,0.5727,-7.5,7.5,2026-03-04T05:18:00
LOT-2268,litho,LITHO-02,numerical_aperture,1.3537,1.339,1.361,2026-03-04T05:18:00
LOT-2268,etch,ETCH-01,chamber_pressure,14.8842,13.8,16.2,2026-03-04T06:38:00
LOT-2268,etch,ETCH-01,rf_power_forward,852.1133,828.0,872.0,2026-03-04T06:38:00
LOT-2268,etch,ETCH-01,gas_flow_cl2,120.3952,115.8,124.2,2026-03-04T06:38:00
LOT-2268,cvd,CVD-05,deposition_temp,395.0358,394.5,405.5,2026-03-04T07:58:00
LOT-2268,cvd,CVD-05,chamber_pressure,4.0355,3.79,4.21,2026-03-04T07:58:00
LOT-2268,cvd,CVD-05,rf_bias,249.961,240.0,260.0,2026-03-04T07:58:00
LOT-2268,cmp,CMP-03,head_downforce,3.4952,3.33,3.67,2026-03-04T09:03:00
LOT-2268,cmp,CMP-03,platen_rpm,74.7737,72.9,77.1,2026-03-04T09:03:00
LOT-2268,cmp,CMP-03,slurry_flow_rate,179.2654,173.0,187.0,2026-03-04T09:03:00
LOT-2268,implant,IMP-01,beam_current,11.9813,11.58,12.42,2026-03-04T10:12:00
LOT-2268,implant,IMP-01,acceleration_energy,79.7444,78.2,81.8,2026-03-04T10:12:00
LOT-2268,implant,IMP-01,tilt_angle,7.0164,6.79,7.21,2026-03-04T10:12:00
LOT-2269,litho,LITHO-04,exposure_energy,24.4644,23.7,25.3,2026-03-04T12:15:00
LOT-2269,litho,LITHO-04,focus_offset,-3.1112,-7.5,7.5,2026-03-04T12:15:00
LOT-2269,litho,LITHO-04,numerical_aperture,1.3488,1.339,1.361,2026-03-04T12:15:00
LOT-2269,etch,ETCH-07,chamber_pressure,15.2669,13.8,16.2,2026-03-04T13:26:00
LOT-2269,etch,ETCH-07,rf_power_forward,840.3821,828.0,872.0,2026-03-04T13:26:00
LOT-2269,etch,ETCH-07,gas_flow_cl2,119.7831,115.8,124.2,2026-03-04T13:26:00
LOT-2269,cvd,CVD-05,deposition_temp,393.9336,394.5,405.5,2026-03-04T14:25:00
LOT-2269,cvd,CVD-05,chamber_pressure,3.9535,3.79,4.21,2026-03-04T14:25:00
LOT-2269,cvd,CVD-05,rf_bias,252.8337,240.0,260.0,2026-03-04T14:25:00
LOT-2269,cmp,CMP-01,head_downforce,3.4902,3.33,3.67,2026-03-04T15:11:00
LOT-2269,cmp,CMP-01,platen_rpm,74.671,72.9,77.1,2026-03-04T15:11:00
LOT-2269,cmp,CMP-01,slurry_flow_rate,177.6325,173.0,187.0,2026-03-04T15:11:00
LOT-2269,implant,IMP-03,beam_current,11.7906,11.58,12.42,2026-03-04T16:02:00
LOT-2269,implant,IMP-03,acceleration_energy,80.7034,78.2,81.8,2026-03-04T16:02:00
LOT-2269,implant,IMP-03,tilt_angle,7.0253,6.79,7.21,2026-03-04T16:02:00
LOT-2270,litho,LITHO-01,exposure_energy,24.5813,23.7,25.3,2026-03-04T05:13:00
LOT-2270,litho,LITHO-01,focus_offset,-0.4803,-7.5,7.5,2026-03-04T05:13:00
LOT-2270,litho,LITHO-01,numerical_aperture,1.35,1.339,1.361,2026-03-04T05:13:00
LOT-2270,etch,ETCH-05,chamber_pressure,14.868,13.8,16.2,2026-03-04T06:21:00
LOT-2270,etch,ETCH-05,rf_power_forward,848.1331,828.0,872.0,2026-03-04T06:21:00
LOT-2270,etch,ETCH-05,gas_flow_cl2,120.5088,115.8,124.2,2026-03-04T06:21:00
LOT-2270,cvd,CVD-05,deposition_temp,394.0579,394.5,405.5,2026-03-04T07:21:00
LOT-2270,cvd,CVD-05,chamber_pressure,3.9311,3.79,4.21,2026-03-04T07:21:00
LOT-2270,cvd,CVD-05,rf_bias,249.8354,240.0,260.0,2026-03-04T07:21:00
LOT-2270,cmp,CMP-01,head_downforce,3.5812,3.33,3.67,2026-03-04T08:19:00
LOT-2270,cmp,CMP-01,platen_rpm,74.7707,72.9,77.1,2026-03-04T08:19:00
LOT-2270,cmp,CMP-01,slurry_flow_rate,180.114,173.0,187.0,2026-03-04T08:19:00
LOT-2270,implant,IMP-03,beam_current,12.0849,11.58,12.42,2026-03-04T09:37:00
LOT-2270,implant,IMP-03,acceleration_energy,80.1609,78.2,81.8,2026-03-04T09:37:00
LOT-2270,implant,IMP-03,tilt_angle,6.9301,6.79,7.21,2026-03-04T09:37:00
LOT-2271,litho,LITHO-04,exposure_energy,24.4722,23.7,25.3,2026-03-04T10:50:00
LOT-2271,litho,LITHO-04,focus_offset,0.0003,-7.5,7.5,2026-03-04T10:50:00
LOT-2271,litho,LITHO-04,numerical_aperture,1.3523,1.339,1.361,2026-03-04T10:50:00
LOT-2271,etch,ETCH-07,chamber_pressure,15.1737,13.8,16.2,2026-03-04T12:09:00
LOT-2271,etch,ETCH-07,rf_power_forward,837.8609,828.0,872.0,2026-03-04T12:09:00
LOT-2271,etch,ETCH-07,gas_flow_cl2,119.478,115.8,124.2,2026-03-04T12:09:00
LOT-2271,cvd,CVD-05,deposition_temp,394.352,394.5,405.5,2026-03-04T12:58:00
LOT-2271,cvd,CVD-05,chamber_pressure,3.9987,3.79,4.21,2026-03-04T12:58:00
LOT-2271,cvd,CVD-05,rf_bias,249.8168,240.0,260.0,2026-03-04T12:58:00
LOT-2271,cmp,CMP-02,head_downforce,3.5042,3.33,3.67,2026-03-04T14:17:00
LOT-2271,cmp,CMP-02,platen_rpm,74.6363,72.9,77.1,2026-03-04T14:17:00
LOT-2271,cmp,CMP-02,slurry_flow_rate,176.6259,173.0,187.0,2026-03-04T14:17:00
LOT-2271,implant,IMP-03,beam_current,12.0585,11.58,12.42,2026-03-04T15:34:00
LOT-2271,implant,IMP-03,acceleration_energy,79.6479,78.2,81.8,2026-03-04T15:34:00
LOT-2271,implant,IMP-03,tilt_angle,7.0016,6.79,7.21,2026-03-04T15:34:00
LOT-2272,litho,LITHO-02,exposure_energy,24.2631,23.7,25.3,2026-03-05T09:11:00
LOT-2272,litho,LITHO-02,focus_offset,0.5206,-7.5,7.5,2026-03-05T09:11:00
LOT-2272,litho,LITHO-02,numerical_aperture,1.3498,1.339,1.361,2026-03-05T09:11:00
LOT-2272,etch,ETCH-07,chamber_pressure,15.2088,13.8,16.2,2026-03-05T09:58:00
LOT-2272,etch,ETCH-07,rf_power_forward,850.1458,828.0,872.0,2026-03-05T09:58:00
LOT-2272,etch,ETCH-07,gas_flow_cl2,118.7769,115.8,124.2,2026-03-05T09:58:00
LOT-2272,cvd,CVD-05,deposition_temp,393.588,394.5,405.5,2026-03-05T11:11:00
LOT-2272,cvd,CVD-05,chamber_pressure,3.9812,3.79,4.21,2026-03-05T11:11:00
LOT-2272,cvd,CVD-05,rf_bias,245.7769,240.0,260.0,2026-03-05T11:11:00
LOT-2272,cmp,CMP-01,head_downforce,3.5677,3.33,3.67,2026-03-05T12:12:00
LOT-2272,cmp,CMP-01,platen_rpm,74.6898,72.9,77.1,2026-03-05T12:12:00
LOT-2272,cmp,CMP-01,slurry_flow_rate,179.997,173.0,187.0,2026-03-05T12:12:00
LOT-2272,implant,IMP-01,beam_current,12.0409,11.58,12.42,2026-03-05T13:21:00
LOT-2272,implant,IMP-01,acceleration_energy,80.3374,78.2,81.8,2026-03-05T13:21:00
LOT-2272,implant,IMP-01,tilt_angle,6.9639,6.79,7.21,2026-03-05T13:21:00
LOT-2273,litho,LITHO-03,exposure_energy,24.4333,23.7,25.3,2026-03-05T03:00:00
LOT-2273,litho,LITHO-03,focus_offset,-3.4925,-7.5,7.5,2026-03-05T03:00:00
LOT-2273,litho,LITHO-03,numerical_aperture,1.3507,1.339,1.361,2026-03-05T03:00:00
LOT-2273,etch,ETCH-02,chamber_pressure,14.9834,13.8,16.2,2026-03-05T04:16:00
LOT-2273,etch,ETCH-02,rf_power_forward,856.0998,828.0,872.0,2026-03-05T04:16:00
LOT-2273,etch,ETCH-02,gas_flow_cl2,119.0632,115.8,124.2,2026-03-05T04:16:00
LOT-2273,cvd,CVD-05,deposition_temp,393.9518,394.5,405.5,2026-03-05T05:19:00
LOT-2273,cvd,CVD-05,chamber_pressure,3.9837,3.79,4.21,2026-03-05T05:19:00
LOT-2273,cvd,CVD-05,rf_bias,251.931,240.0,260.0,2026-03-05T05:19:00
LOT-2273,cmp,CMP-03,head_downforce,3.4913,3.33,3.67,2026-03-05T06:32:00
LOT-2273,cmp,CMP-03,platen_rpm,74.7114,72.9,77.1,2026-03-05T06:32:00
LOT-2273,cmp,CMP-03,slurry_flow_rate,179.1007,173.0,187.0,2026-03-05T06:32:00
LOT-2273,implant,IMP-03,beam_current,12.0917,11.58,12.42,2026-03-05T07:40:00
LOT-2273,implant,IMP-03,acceleration_energy,79.9416,78.2,81.8,2026-03-05T07:40:00
LOT-2273,implant,IMP-03,tilt_angle,7.0076,6.79,7.21,2026-03-05T07:40:00
LOT-2274,litho,LITHO-03,exposure_energy,24.2895,23.7,25.3,2026-03-06T09:45:00
LOT-2274,litho,LITHO-03,focus_offset,-0.5681,-7.5,7.5,2026-03-06T09:45:00
LOT-2274,litho,LITHO-03,numerical_aperture,1.3503,1.339,1.361,2026-03-06T09:45:00
LOT-2274,etch,ETCH-05,chamber_pressure,14.5893,13.8,16.2,2026-03-06T10:56:00
LOT-2274,etch,ETCH-05,rf_power_forward,843.1787,828.0,872.0,2026-03-06T10:56:00
LOT-2274,etch,ETCH-05,gas_flow_cl2,120.3951,115.8,124.2,2026-03-06T10:56:00
LOT-2274,cvd,CVD-05,deposition_temp,395.3644,394.5,405.5,2026-03-06T12:14:00
LOT-2274,cvd,CVD-05,chamber_pressure,3.956,3.79,4.21,2026-03-06T12:14:00
LOT-2274,cvd,CVD-05,rf_bias,251.0628,240.0,260.0,2026-03-06T12:14:00
LOT-2274,cmp,CMP-04,head_downforce,3.5642,3.33,3.67,2026-03-06T13:23:00
LOT-2274,cmp,CMP-04,platen_rpm,75.762,72.9,77.1,2026-03-06T13:23:00
LOT-2274,cmp,CMP-04,slurry_flow_rate,179.2762,173.0,187.0,2026-03-06T13:23:00
LOT-2274,implant,IMP-01,beam_current,12.0728,11.58,12.42,2026-03-06T14:22:00
LOT-2274,implant,IMP-01,acceleration_energy,79.5923,78.2,81.8,2026-03-06T14:22:00
LOT-2274,implant,IMP-01,tilt_angle,7.0634,6.79,7.21,2026-03-06T14:22:00
LOT-2280,litho,LITHO-04,exposure_energy,24.483,23.7,25.3,2026-03-02T13:12:00
LOT-2280,litho,LITHO-04,focus_offset,5.0904,-7.5,7.5,2026-03-02T13:12:00
LOT-2280,litho,LITHO-04,numerical_aperture,1.3479,1.339,1.361,2026-03-02T13:12:00
LOT-2280,etch,ETCH-01,chamber_pressure,15.0626,13.8,16.2,2026-03-02T14:28:00
LOT-2280,etch,ETCH-01,rf_power_forward,862.8806,828.0,872.0,2026-03-02T14:28:00
LOT-2280,etch,ETCH-01,gas_flow_cl2,121.1697,115.8,124.2,2026-03-02T14:28:00
LOT-2280,cvd,CVD-06,deposition_temp,398.3313,394.5,405.5,2026-03-02T15:43:00
LOT-2280,cvd,CVD-06,chamber_pressure,3.9971,3.79,4.21,2026-03-02T15:43:00
LOT-2280,cvd,CVD-06,rf_bias,248.0092,240.0,260.0,2026-03-02T15:43:00
LOT-2280,cmp,CMP-01,head_downforce,3.6107,3.33,3.67,2026-03-02T16:58:00
LOT-2280,cmp,CMP-01,platen_rpm,74.5194,72.9,77.1,2026-03-02T16:58:00
LOT-2280,cmp,CMP-01,slurry_flow_rate,181.8444,173.0,187.0,2026-03-02T16:58:00
LOT-2280,implant,IMP-01,beam_current,12.4789,11.58,12.42,2026-03-02T18:13:00
LOT-2280,implant,IMP-01,acceleration_energy,80.6428,78.2,81.8,2026-03-02T18:13:00
LOT-2280,implant,IMP-01,tilt_angle,6.9654,6.79,7.21,2026-03-02T18:13:00
LOT-2281,litho,LITHO-03,exposure_energy,24.6971,23.7,25.3,2026-03-03T10:03:00
LOT-2281,litho,LITHO-03,focus_offset,0.9573,-7.5,7.5,2026-03-03T10:03:00
LOT-2281,litho,LITHO-03,numerical_aperture,1.351,1.339,1.361,2026-03-03T10:03:00
LOT-2281,etch,ETCH-05,chamber_pressure,15.4183,13.8,16.2,2026-03-03T11:07:00
LOT-2281,etch,ETCH-05,rf_power_forward,849.4981,828.0,872.0,2026-03-03T11:07:00
LOT-2281,etch,ETCH-05,gas_flow_cl2,119.4775,115.8,124.2,2026-03-03T11:07:00
LOT-2281,cvd,CVD-05,deposition_temp,399.3063,394.5,405.5,2026-03-03T12:01:00
LOT-2281,cvd,CVD-05,chamber_pressure,3.9788,3.79,4.21,2026-03-03T12:01:00
LOT-2281,cvd,CVD-05,rf_bias,249.5444,240.0,260.0,2026-03-03T12:01:00
LOT-2281,cmp,CMP-01,head_downforce,3.5125,3.33,3.67,2026-03-03T13:06:00
LOT-2281,cmp,CMP-01,platen_rpm,75.6131,72.9,77.1,2026-03-03T13:06:00
LOT-2281,cmp,CMP-01,slurry_flow_rate,179.2734,173.0,187.0,2026-03-03T13:06:00
LOT-2281,implant,IMP-01,beam_current,12.4246,11.58,12.42,2026-03-03T14:19:00
LOT-2281,implant,IMP-01,acceleration_energy,80.5793,78.2,81.8,2026-03-03T14:19:00
LOT-2281,implant,IMP-01,tilt_angle,6.994,6.79,7.21,2026-03-03T14:19:00
LOT-2282,litho,LITHO-02,exposure_energy,24.6245,23.7,25.3,2026-03-03T02:13:00
LOT-2282,litho,LITHO-02,focus_offset,0.1516,-7.5,7.5,2026-03-03T02:13:00
LOT-2282,litho,LITHO-02,numerical_aperture,1.3508,1.339,1.361,2026-03-03T02:13:00
LOT-2282,etch,ETCH-04,chamber_pressure,14.6331,13.8,16.2,2026-03-03T03:25:00
LOT-2282,etch,ETCH-04,rf_power_forward,846.6833,828.0,872.0,2026-03-03T03:25:00
LOT-2282,etch,ETCH-04,gas_flow_cl2,120.8048,115.8,124.2,2026-03-03T03:25:00
LOT-2282,cvd,CVD-04,deposition_temp,400.3865,394.5,405.5,2026-03-03T04:12:00
LOT-2282,cvd,CVD-04,chamber_pressure,4.0365,3.79,4.21,2026-03-03T04:12:00
LOT-2282,cvd,CVD-04,rf_bias,249.3737,240.0,260.0,2026-03-03T04:12:00
LOT-2282,cmp,CMP-03,head_downforce,3.4632,3.33,3.67,2026-03-03T05:26:00
LOT-2282,cmp,CMP-03,platen_rpm,75.316,72.9,77.1,2026-03-03T05:26:00
LOT-2282,cmp,CMP-03,slurry_flow_rate,178.4732,173.0,187.0,2026-03-03T05:26:00
LOT-2282,implant,IMP-01,beam_current,12.4534,11.58,12.42,2026-03-03T06:38:00
LOT-2282,implant,IMP-01,acceleration_energy,79.8494,78.2,81.8,2026-03-03T06:38:00
LOT-2282,implant,IMP-01,tilt_angle,6.987,6.79,7.21,2026-03-03T06:38:00
LOT-2283,litho,LITHO-03,exposure_energy,24.8449,23.7,25.3,2026-03-03T06:08:00
LOT-2283,litho,LITHO-03,focus_offset,1.8988,-7.5,7.5,2026-03-03T06:08:00
LOT-2283,litho,LITHO-03,numerical_aperture,1.3507,1.339,1.361,2026-03-03T06:08:00
LOT-2283,etch,ETCH-06,chamber_pressure,14.933,13.8,16.2,2026-03-03T07:18:00
LOT-2283,etch,ETCH-06,rf_power_forward,847.456,828.0,872.0,2026-03-03T07:18:00
LOT-2283,etch,ETCH-06,gas_flow_cl2,119.46,115.8,124.2,2026-03-03T07:18:00
LOT-2283,cvd,CVD-06,deposition_temp,395.8471,394.5,405.5,2026-03-03T08:09:00
LOT-2283,cvd,CVD-06,chamber_pressure,4.0358,3.79,4.21,2026-03-03T08:09:00
LOT-2283,cvd,CVD-06,rf_bias,245.5621,240.0,260.0,2026-03-03T08:09:00
LOT-2283,cmp,CMP-03,head_downforce,3.5002,3.33,3.67,2026-03-03T09:29:00
LOT-2283,cmp,CMP-03,platen_rpm,75.8084,72.9,77.1,2026-03-03T09:29:00
LOT-2283,cmp,CMP-03,slurry_flow_rate,181.0819,173.0,187.0,2026-03-03T09:29:00
LOT-2283,implant,IMP-01,beam_current,12.4549,11.58,12.42,2026-03-03T10:47:00
LOT-2283,implant,IMP-01,acceleration_energy,79.8643,78.2,81.8,2026-03-03T10:47:00
LOT-2283,implant,IMP-01,tilt_angle,6.9812,6.79,7.21,2026-03-03T10:47:00
LOT-2284,litho,LITHO-03,exposure_energy,24.645,23.7,25.3,2026-03-03T09:06:00
LOT-2284,litho,LITHO-03,focus_offset,-3.1404,-7.5,7.5,2026-03-03T09:06:00
LOT-2284,litho,LITHO-03,numerical_aperture,1.3485,1.339,1.361,2026-03-03T09:06:00
LOT-2284,etch,ETCH-01,chamber_pressure,14.7975,13.8,16.2,2026-03-03T10:14:00
LOT-2284,etch,ETCH-01,rf_power_forward,843.1812,828.0,872.0,2026-03-03T10:14:00
LOT-2284,etch,ETCH-01,gas_flow_cl2,119.1095,115.8,124.2,2026-03-03T10:14:00
LOT-2284,cvd,CVD-02,deposition_temp,398.8606,394.5,405.5,2026-03-03T11:01:00
LOT-2284,cvd,CVD-02,chamber_pressure,4.0562,3.79,4.21,2026-03-03T11:01:00
LOT-2284,cvd,CVD-02,rf_bias,246.9952,240.0,260.0,2026-03-03T11:01:00
LOT-2284,cmp,CMP-02,head_downforce,3.5258,3.33,3.67,2026-03-03T11:53:00
LOT-2284,cmp,CMP-02,platen_rpm,75.1741,72.9,77.1,2026-03-03T11:53:00
LOT-2284,cmp,CMP-02,slurry_flow_rate,180.882,173.0,187.0,2026-03-03T11:53:00
LOT-2284,implant,IMP-01,beam_current,12.4569,11.58,12.42,2026-03-03T13:03:00
LOT-2284,implant,IMP-01,acceleration_energy,80.2282,78.2,81.8,2026-03-03T13:03:00
LOT-2284,implant,IMP-01,tilt_angle,6.9899,6.79,7.21,2026-03-03T13:03:00
LOT-2285,litho,LITHO-04,exposure_energy,24.5205,23.7,25.3,2026-03-03T03:01:00
LOT-2285,litho,LITHO-04,focus_offset,3.7436,-7.5,7.5,2026-03-03T03:01:00
LOT-2285,litho,LITHO-04,numerical_aperture,1.3506,1.339,1.361,2026-03-03T03:01:00
LOT-2285,etch,ETCH-08,chamber_pressure,15.215,13.8,16.2,2026-03-03T04:14:00
LOT-2285,etch,ETCH-08,rf_power_forward,843.1081,828.0,872.0,2026-03-03T04:14:00
LOT-2285,etch,ETCH-08,gas_flow_cl2,120.0138,115.8,124.2,2026-03-03T04:14:00
LOT-2285,cvd,CVD-02,deposition_temp,401.2647,394.5,405.5,2026-03-03T05:05:00
LOT-2285,cvd,CVD-02,chamber_pressure,3.9873,3.79,4.21,2026-03-03T05:05:00
LOT-2285,cvd,CVD-02,rf_bias,250.7782,240.0,260.0,2026-03-03T05:05:00
LOT-2285,cmp,CMP-02,head_downforce,3.4371,3.33,3.67,2026-03-03T05:57:00
LOT-2285,cmp,CMP-02,platen_rpm,75.2468,72.9,77.1,2026-03-03T05:57:00
LOT-2285,cmp,CMP-02,slurry_flow_rate,179.3314,173.0,187.0,2026-03-03T05:57:00
LOT-2285,implant,IMP-01,beam_current,12.4283,11.58,12.42,2026-03-03T07:02:00
LOT-2285,implant,IMP-01,acceleration_energy,79.4826,78.2,81.8,2026-03-03T07:02:00
LOT-2285,implant,IMP-01,tilt_angle,7.0504,6.79,7.21,2026-03-03T07:02:00
LOT-2286,litho,LITHO-02,exposure_energy,24.6228,23.7,25.3,2026-03-03T11:45:00
LOT-2286,litho,LITHO-02,focus_offset,-0.306,-7.5,7.5,2026-03-03T11:45:00
LOT-2286,litho,LITHO-02,numerical_aperture,1.3524,1.339,1.361,2026-03-03T11:45:00
LOT-2286,etch,ETCH-01,chamber_pressure,15.3129,13.8,16.2,2026-03-03T12:38:00
LOT-2286,etch,ETCH-01,rf_power_forward,849.6671,828.0,872.0,2026-03-03T12:38:00
LOT-2286,etch,ETCH-01,gas_flow_cl2,120.5744,115.8,124.2,2026-03-03T12:38:00
LOT-2286,cvd,CVD-03,deposition_temp,401.0096,394.5,405.5,2026-03-03T13:52:00
LOT-2286,cvd,CVD-03,chamber_pressure,4.0829,3.79,4.21,2026-03-03T13:52:00
LOT-2286,cvd,CVD-03,rf_bias,246.6858,240.0,260.0,2026-03-03T13:52:00
LOT-2286,cmp,CMP-01,head_downforce,3.5515,3.33,3.67,2026-03-03T14:56:00
LOT-2286,cmp,CMP-01,platen_rpm,75.7892,72.9,77.1,2026-03-03T14:56:00
LOT-2286,cmp,CMP-01,slurry_flow_rate,176.2192,173.0,187.0,2026-03-03T14:56:00
LOT-2286,implant,IMP-01,beam_current,12.4138,11.58,12.42,2026-03-03T15:43:00
LOT-2286,implant,IMP-01,acceleration_energy,79.9239,78.2,81.8,2026-03-03T15:43:00
LOT-2286,implant,IMP-01,tilt_angle,6.9475,6.79,7.21,2026-03-03T15:43:00
LOT-2287,litho,LITHO-01,exposure_energy,24.5641,23.7,25.3,2026-03-04T04:51:00
LOT-2287,litho,LITHO-01,focus_offset,-0.468,-7.5,7.5,2026-03-04T04:51:00
LOT-2287,litho,LITHO-01,numerical_aperture,1.3505,1.339,1.361,2026-03-04T04:51:00
LOT-2287,etch,ETCH-06,chamber_pressure,15.0295,13.8,16.2,2026-03-04T05:37:00
LOT-2287,etch,ETCH-06,rf_power_forward,846.3548,828.0,872.0,2026-03-04T05:37:00
LOT-2287,etch,ETCH-06,gas_flow_cl2,120.0391,115.8,124.2,2026-03-04T05:37:00
LOT-2287,cvd,CVD-03,deposition_temp,399.5119,394.5,405.5,2026-03-04T06:31:00
LOT-2287,cvd,CVD-03,chamber_pressure,4.0306,3.79,4.21,2026-03-04T06:31:00
LOT-2287,cvd,CVD-03,rf_bias,253.6679,240.0,260.0,2026-03-04T06:31:00
LOT-2287,cmp,CMP-04,head_downforce,3.4572,3.33,3.67,2026-03-04T07:37:00
LOT-2287,cmp,CMP-04,platen_rpm,75.3139,72.9,77.1,2026-03-04T07:37:00
LOT-2287,cmp,CMP-04,slurry_flow_rate,177.1064,173.0,187.0,2026-03-04T07:37:00
LOT-2287,implant,IMP-01,beam_current,12.4106,11.58,12.42,2026-03-04T08:57:00
LOT-2287,implant,IMP-01,acceleration_energy,79.9513,78.2,81.8,2026-03-04T08:57:00
LOT-2287,implant,IMP-01,tilt_angle,6.9599,6.79,7.21,2026-03-04T08:57:00
LOT-2288,litho,LITHO-02,exposure_energy,24.5011,23.7,25.3,2026-03-04T13:15:00
LOT-2288,litho,LITHO-02,focus_offset,-1.7656,-7.5,7.5,2026-03-04T13:15:00
LOT-2288,litho,LITHO-02,numerical_aperture,1.3505,1.339,1.361,2026-03-04T13:15:00
LOT-2288,etch,ETCH-06,chamber_pressure,14.4652,13.8,16.2,2026-03-04T14:26:00
LOT-2288,etch,ETCH-06,rf_power_forward,855.1342,828.0,872.0,2026-03-04T14:26:00
LOT-2288,etch,ETCH-06,gas_flow_cl2,119.5262,115.8,124.2,2026-03-04T14:26:00
LOT-2288,cvd,CVD-06,deposition_temp,400.0982,394.5,405.5,2026-03-04T15:23:00
LOT-2288,cvd,CVD-06,chamber_pressure,3.988,3.79,4.21,2026-03-04T15:23:00
LOT-2288,cvd,CVD-06,rf_bias,251.326,240.0,260.0,2026-03-04T15:23:00
LOT-2288,cmp,CMP-04,head_downforce,3.5016,3.33,3.67,2026-03-04T16:28:00
LOT-2288,cmp,CMP-04,platen_rpm,74.9287,72.9,77.1,2026-03-04T16:28:00
LOT-2288,cmp,CMP-04,slurry_flow_rate,183.5078,173.0,187.0,2026-03-04T16:28:00
LOT-2288,implant,IMP-01,beam_current,12.3607,11.58,12.42,2026-03-04T17:32:00
LOT-2288,implant,IMP-01,acceleration_energy,79.6086,78.2,81.8,2026-03-04T17:32:00
LOT-2288,implant,IMP-01,tilt_angle,6.961,6.79,7.21,2026-03-04T17:32:00
LOT-2289,litho,LITHO-03,exposure_energy,24.5827,23.7,25.3,2026-03-04T15:19:00
LOT-2289,litho,LITHO-03,focus_offset,2.1383,-7.5,7.5,2026-03-04T15:19:00
LOT-2289,litho,LITHO-03,numerical_aperture,1.35,1.339,1.361,2026-03-04T15:19:00
LOT-2289,etch,ETCH-02,chamber_pressure,14.7769,13.8,16.2,2026-03-04T16:23:00
LOT-2289,etch,ETCH-02,rf_power_forward,856.2842,828.0,872.0,2026-03-04T16:23:00
LOT-2289,etch,ETCH-02,gas_flow_cl2,120.1949,115.8,124.2,2026-03-04T16:23:00
LOT-2289,cvd,CVD-03,deposition_temp,400.6334,394.5,405.5,2026-03-04T17:15:00
LOT-2289,cvd,CVD-03,chamber_pressure,4.0455,3.79,4.21,2026-03-04T17:15:00
LOT-2289,cvd,CVD-03,rf_bias,251.2914,240.0,260.0,2026-03-04T17:15:00
LOT-2289,cmp,CMP-02,head_downforce,3.553,3.33,3.67,2026-03-04T18:05:00
LOT-2289,cmp,CMP-02,platen_rpm,75.2302,72.9,77.1,2026-03-04T18:05:00
LOT-2289,cmp,CMP-02,slurry_flow_rate,178.7826,173.0,187.0,2026-03-04T18:05:00
LOT-2289,implant,IMP-01,beam_current,12.3943,11.58,12.42,2026-03-04T19:15:00
LOT-2289,implant,IMP-01,acceleration_energy,80.0867,78.2,81.8,2026-03-04T19:15:00
LOT-2289,implant,IMP-01,tilt_angle,7.0313,6.79,7.21,2026-03-04T19:15:00
LOT-2290,litho,LITHO-01,exposure_energy,24.4263,23.7,25.3,2026-03-05T12:01:00
LOT-2290,litho,LITHO-01,focus_offset,-0.5479,-7.5,7.5,2026-03-05T12:01:00
LOT-2290,litho,LITHO-01,numerical_aperture,1.3532,1.339,1.361,2026-03-05T12:01:00
LOT-2290,etch,ETCH-07,chamber_pressure,14.8214,13.8,16.2,2026-03-05T12:47:00
LOT-2290,etch,ETCH-07,rf_power_forward,849.541,828.0,872.0,2026-03-05T12:47:00
LOT-2290,etch,ETCH-07,gas_flow_cl2,119.2239,115.8,124.2,2026-03-05T12:47:00
LOT-2290,cvd,CVD-02,deposition_temp,400.8497,394.5,405.5,2026-03-05T13:34:00
LOT-2290,cvd,CVD-02,chamber_pressure,3.9603,3.79,4.21,2026-03-05T13:34:00
LOT-2290,cvd,CVD-02,rf_bias,255.1653,240.0,260.0,2026-03-05T13:34:00
LOT-2290,cmp,CMP-04,head_downforce,3.4727,3.33,3.67,2026-03-05T14:33:00
LOT-2290,cmp,CMP-04,platen_rpm,73.6896,72.9,77.1,2026-03-05T14:33:00
LOT-2290,cmp,CMP-04,slurry_flow_rate,180.3816,173.0,187.0,2026-03-05T14:33:00
LOT-2290,implant,IMP-01,beam_current,12.4388,11.58,12.42,2026-03-05T15:45:00
LOT-2290,implant,IMP-01,acceleration_energy,80.378,78.2,81.8,2026-03-05T15:45:00
LOT-2290,implant,IMP-01,tilt_angle,7.023,6.79,7.21,2026-03-05T15:45:00
LOT-2291,litho,LITHO-02,exposure_energy,24.0952,23.7,25.3,2026-03-05T06:15:00
LOT-2291,litho,LITHO-02,focus_offset,-0.9496,-7.5,7.5,2026-03-05T06:15:00
LOT-2291,litho,LITHO-02,numerical_aperture,1.3499,1.339,1.361,2026-03-05T06:15:00
LOT-2291,etch,ETCH-03,chamber_pressure,15.2386,13.8,16.2,2026-03-05T07:34:00
LOT-2291,etch,ETCH-03,rf_power_forward,849.532,828.0,872.0,2026-03-05T07:34:00
LOT-2291,etch,ETCH-03,gas_flow_cl2,119.075,115.8,124.2,2026-03-05T07:34:00
LOT-2291,cvd,CVD-05,deposition_temp,401.4978,394.5,405.5,2026-03-05T08:23:00
LOT-2291,cvd,CVD-05,chamber_pressure,3.9867,3.79,4.21,2026-03-05T08:23:00
LOT-2291,cvd,CVD-05,rf_bias,246.9444,240.0,260.0,2026-03-05T08:23:00
LOT-2291,cmp,CMP-03,head_downforce,3.5217,3.33,3.67,2026-03-05T09:14:00
LOT-2291,cmp,CMP-03,platen_rpm,74.3562,72.9,77.1,2026-03-05T09:14:00
LOT-2291,cmp,CMP-03,slurry_flow_rate,182.2196,173.0,187.0,2026-03-05T09:14:00
LOT-2291,implant,IMP-01,beam_current,12.4678,11.58,12.42,2026-03-05T10:22:00
LOT-2291,implant,IMP-01,acceleration_energy,80.2598,78.2,81.8,2026-03-05T10:22:00
LOT-2291,implant,IMP-01,tilt_angle,7.0025,6.79,7.21,2026-03-05T10:22:00
LOT-2292,litho,LITHO-03,exposure_energy,24.6451,23.7,25.3,2026-03-05T16:53:00
LOT-2292,litho,LITHO-03,focus_offset,1.1371,-7.5,7.5,2026-03-05T16:53:00
LOT-2292,litho,LITHO-03,numerical_aperture,1.3522,1.339,1.361,2026-03-05T16:53:00
LOT-2292,etch,ETCH-03,chamber_pressure,14.738,13.8,16.2,2026-03-05T17:59:00
LOT-2292,etch,ETCH-03,rf_power_forward,854.8165,828.0,872.0,2026-03-05T17:59:00
LOT-2292,etch,ETCH-03,gas_flow_cl2,118.4715,115.8,124.2,2026-03-05T17:59:00
LOT-2292,cvd,CVD-03,deposition_temp,400.8036,394.5,405.5,2026-03-05T18:59:00
LOT-2292,cvd,CVD-03,chamber_pressure,3.9582,3.79,4.21,2026-03-05T18:59:00
LOT-2292,cvd,CVD-03,rf_bias,252.2174,240.0,260.0,2026-03-05T18:59:00
LOT-2292,cmp,CMP-03,head_downforce,3.5437,3.33,3.67,2026-03-05T19:47:00
LOT-2292,cmp,CMP-03,platen_rpm,75.2145,72.9,77.1,2026-03-05T19:47:00
LOT-2292,cmp,CMP-03,slurry_flow_rate,180.2135,173.0,187.0,2026-03-05T19:47:00
LOT-2292,implant,IMP-01,beam_current,12.453,11.58,12.42,2026-03-05T20:59:00
LOT-2292,implant,IMP-01,acceleration_energy,80.4621,78.2,81.8,2026-03-05T20:59:00
LOT-2292,implant,IMP-01,tilt_angle,6.9111,6.79,7.21,2026-03-05T20:59:00
LOT-2293,litho,LITHO-03,exposure_energy,24.6347,23.7,25.3,2026-03-05T12:02:00
LOT-2293,litho,LITHO-03,focus_offset,1.6807,-7.5,7.5,2026-03-05T12:02:00
LOT-2293,litho,LITHO-03,numerical_aperture,1.3515,1.339,1.361,2026-03-05T12:02:00
LOT-2293,etch,ETCH-06,chamber_pressure,15.2617,13.8,16.2,2026-03-05T13:01:00
LOT-2293,etch,ETCH-06,rf_power_forward,851.2884,828.0,872.0,2026-03-05T13:01:00
LOT-2293,etch,ETCH-06,gas_flow_cl2,120.338,115.8,124.2,2026-03-05T13:01:00
LOT-2293,cvd,CVD-02,deposition_temp,399.7888,394.5,405.5,2026-03-05T14:15:00
LOT-2293,cvd,CVD-02,chamber_pressure,3.9593,3.79,4.21,2026-03-05T14:15:00
LOT-2293,cvd,CVD-02,rf_bias,253.5171,240.0,260.0,2026-03-05T14:15:00
LOT-2293,cmp,CMP-03,head_downforce,3.388,3.33,3.67,2026-03-05T15:03:00
LOT-2293,cmp,CMP-03,platen_rpm,75.81,72.9,77.1,2026-03-05T15:03:00
LOT-2293,cmp,CMP-03,slurry_flow_rate,177.7096,173.0,187.0,2026-03-05T15:03:00
LOT-2293,implant,IMP-01,beam_current,12.5475,11.58,12.42,2026-03-05T15:49:00
LOT-2293,implant,IMP-01,acceleration_energy,80.2587,78.2,81.8,2026-03-05T15:49:00
LOT-2293,implant,IMP-01,tilt_angle,6.9271,6.79,7.21,2026-03-05T15:49:00
LOT-2301,litho,LITHO-01,exposure_energy,24.6973,23.7,25.3,2026-03-04T17:04:00
LOT-2301,litho,LITHO-01,focus_offset,-3.2219,-7.5,7.5,2026-03-04T17:04:00
LOT-2301,litho,LITHO-01,numerical_aperture,1.3491,1.339,1.361,2026-03-04T17:04:00
LOT-2301,etch,ETCH-07,chamber_pressure,16.1856,13.8,16.2,2026-03-04T17:56:00
LOT-2301,etch,ETCH-07,rf_power_forward,853.4144,828.0,872.0,2026-03-04T17:56:00
LOT-2301,etch,ETCH-07,gas_flow_cl2,120.8758,115.8,124.2,2026-03-04T17:56:00
LOT-2302,litho,LITHO-04,exposure_energy,24.4752,23.7,25.3,2026-03-04T19:05:00
LOT-2302,litho,LITHO-04,focus_offset,-1.1958,-7.5,7.5,2026-03-04T19:05:00
LOT-2302,litho,LITHO-04,numerical_aperture,1.3475,1.339,1.361,2026-03-04T19:05:00
LOT-2302,etch,ETCH-04,chamber_pressure,14.9538,13.8,16.2,2026-03-04T20:12:00
LOT-2302,etch,ETCH-04,rf_power_forward,853.0031,828.0,872.0,2026-03-04T20:12:00
LOT-2302,etch,ETCH-04,gas_flow_cl2,121.3616,115.8,124.2,2026-03-04T20:12:00
LOT-2303,litho,LITHO-04,exposure_energy,24.6407,23.7,25.3,2026-03-04T21:19:00
LOT-2303,litho,LITHO-04,focus_offset,1.641,-7.5,7.5,2026-03-04T21:19:00
LOT-2303,litho,LITHO-04,numerical_aperture,1.3499,1.339,1.361,2026-03-04T21:19:00
LOT-2303,etch,ETCH-01,chamber_pressure,15.1111,13.8,16.2,2026-03-04T22:22:00
LOT-2303,etch,ETCH-01,rf_power_forward,860.3899,828.0,872.0,2026-03-04T22:22:00
LOT-2303,etch,ETCH-01,gas_flow_cl2,120.2875,115.8,124.2,2026-03-04T22:22:00
LOT-2304,litho,LITHO-04,exposure_energy,24.9235,23.7,25.3,2026-03-04T23:05:00
LOT-2304,litho,LITHO-04,focus_offset,2.1591,-7.5,7.5,2026-03-04T23:05:00
LOT-2304,litho,LITHO-04,numerical_aperture,1.3495,1.339,1.361,2026-03-04T23:05:00
LOT-2304,etch,ETCH-08,chamber_pressure,15.3458,13.8,16.2,2026-03-04T23:57:00
LOT-2304,etch,ETCH-08,rf_power_forward,854.6992,828.0,872.0,2026-03-04T23:57:00
LOT-2304,etch,ETCH-08,gas_flow_cl2,116.1195,115.8,124.2,2026-03-04T23:57:00
LOT-2304,cvd,CVD-04,deposition_temp,398.8765,394.5,405.5,2026-03-05T01:11:00
LOT-2304,cvd,CVD-04,chamber_pressure,3.9502,3.79,4.21,2026-03-05T01:11:00
LOT-2304,cvd,CVD-04,rf_bias,251.0206,240.0,260.0,2026-03-05T01:11:00
LOT-2305,litho,LITHO-02,exposure_energy,24.6107,23.7,25.3,2026-03-05T01:09:00
LOT-2305,litho,LITHO-02,focus_offset,1.2781,-7.5,7.5,2026-03-05T01:09:00
LOT-2305,litho,LITHO-02,numerical_aperture,1.3529,1.339,1.361,2026-03-05T01:09:00
LOT-2305,etch,ETCH-07,chamber_pressure,16.1312,13.8,16.2,2026-03-05T02:04:00
LOT-2305,etch,ETCH-07,rf_power_forward,856.9143,828.0,872.0,2026-03-05T02:04:00
LOT-2305,etch,ETCH-07,gas_flow_cl2,119.9553,115.8,124.2,2026-03-05T02:04:00
LOT-2306,litho,LITHO-01,exposure_energy,24.5167,23.7,25.3,2026-03-05T03:12:00
LOT-2306,litho,LITHO-01,focus_offset,-1.079,-7.5,7.5,2026-03-05T03:12:00
LOT-2306,litho,LITHO-01,numerical_aperture,1.3501,1.339,1.361,2026-03-05T03:12:00
LOT-2306,etch,ETCH-08,chamber_pressure,15.1175,13.8,16.2,2026-03-05T04:18:00
LOT-2306,etch,ETCH-08,rf_power_forward,855.6396,828.0,872.0,2026-03-05T04:18:00
LOT-2306,etch,ETCH-08,gas_flow_cl2,119.6585,115.8,124.2,2026-03-05T04:18:00
LOT-2307,litho,LITHO-02,exposure_energy,24.4272,23.7,25.3,2026-03-05T05:05:00
LOT-2307,litho,LITHO-02,focus_offset,-1.9511,-7.5,7.5,2026-03-05T05:05:00
LOT-2307,litho,LITHO-02,numerical_aperture,1.3524,1.339,1.361,2026-03-05T05:05:00
LOT-2307,etch,ETCH-02,chamber_pressure,14.8656,13.8,16.2,2026-03-05T06:05:00
LOT-2307,etch,ETCH-02,rf_power_forward,855.3006,828.0,872.0,2026-03-05T06:05:00
LOT-2307,etch,ETCH-02,gas_flow_cl2,120.3428,115.8,124.2,2026-03-05T06:05:00
LOT-2307,cvd,CVD-04,deposition_temp,401.3438,394.5,405.5,2026-03-05T06:57:00
LOT-2307,cvd,CVD-04,chamber_pressure,4.007,3.79,4.21,2026-03-05T06:57:00
LOT-2307,cvd,CVD-04,rf_bias,247.1909,240.0,260.0,2026-03-05T06:57:00
LOT-2308,litho,LITHO-04,exposure_energy,24.6682,23.7,25.3,2026-03-05T06:45:00
LOT-2308,litho,LITHO-04,focus_offset,-1.5476,-7.5,7.5,2026-03-05T06:45:00
LOT-2308,litho,LITHO-04,numerical_aperture,1.3482,1.339,1.361,2026-03-05T06:45:00
LOT-2308,etch,ETCH-07,chamber_pressure,16.0929,13.8,16.2,2026-03-05T07:39:00
LOT-2308,etch,ETCH-07,rf_power_forward,842.0321,828.0,872.0,2026-03-05T07:39:00
LOT-2308,etch,ETCH-07,gas_flow_cl2,120.4485,115.8,124.2,2026-03-05T07:39:00
LOT-2309,litho,LITHO-01,exposure_energy,24.3509,23.7,25.3,2026-03-05T09:13:00
LOT-2309,litho,LITHO-01,focus_offset,1.4877,-7.5,7.5,2026-03-05T09:13:00
LOT-2309,litho,LITHO-01,numerical_aperture,1.3475,1.339,1.361,2026-03-05T09:13:00
LOT-2309,etch,ETCH-03,chamber_pressure,14.1656,13.8,16.2,2026-03-05T10:29:00
LOT-2309,etch,ETCH-03,rf_power_forward,855.5775,828.0,872.0,2026-03-05T10:29:00
LOT-2309,etch,ETCH-03,gas_flow_cl2,120.5418,115.8,124.2,2026-03-05T10:29:00
LOT-2310,litho,LITHO-03,exposure_energy,24.6145,23.7,25.3,2026-03-05T11:10:00
LOT-2310,litho,LITHO-03,focus_offset,-0.1962,-7.5,7.5,2026-03-05T11:10:00
LOT-2310,litho,LITHO-03,numerical_aperture,1.3491,1.339,1.361,2026-03-05T11:10:00
LOT-2310,etch,ETCH-08,chamber_pressure,15.0822,13.8,16.2,2026-03-05T11:59:00
LOT-2310,etch,ETCH-08,rf_power_forward,852.55,828.0,872.0,2026-03-05T11:59:00
LOT-2310,etch,ETCH-08,gas_flow_cl2,120.495,115.8,124.2,2026-03-05T11:59:00
LOT-2310,cvd,CVD-06,deposition_temp,401.1874,394.5,405.5,2026-03-05T13:07:00
LOT-2310,cvd,CVD-06,chamber_pressure,3.9159,3.79,4.21,2026-03-05T13:07:00
LOT-2310,cvd,CVD-06,rf_bias,254.5167,240.0,260.0,2026-03-05T13:07:00
